o,985,396,-5353
o,328,620,-2224
t,272,989,3128
o,274,721,5745
o,814,960,1121
t,263,248,-3927
o,146,539,2335
o,617,808,8841
o,5,229,-4422
t,828,896,4577
o,356,403,-4023
o,871,384,-268
t,398,310,-5423
t,539,673,7088
t,482,183,-1261
t,293,905,9908
t,44,795,-8665
t,344,815,-8404
t,302,859,6877
o,709,351,-4424
o,243,114,4370
t,67,535,-665
t,640,962,9728
o,942,977,8474
t,149,436,-9491
t,267,422,7849
t,664,118,2133
t,404,785,-6073
t,908,186,9740
o,83,829,-7459
o,223,614,-1767
t,580,172,-6304
o,464,498,-8308
o,805,48,5040
o,917,921,-495
o,556,306,-186
t,785,226,-8144
o,986,601,9332
t,679,352,-1565
t,826,671,9207
o,210,27,4862
t,361,688,-1242
t,754,621,52
t,617,993,7210
t,893,412,1378
t,190,361,-4911
t,93,607,951
o,711,928,-6657
o,479,601,-6656
t,885,95,-9213
o,824,450,-9753
t,615,502,-3003
t,253,455,-4555
o,523,760,-6447
t,531,365,4194
o,136,751,5698
t,976,566,-5378
t,141,485,1036
o,372,297,9547
o,184,59,3934
t,511,343,2661
t,717,481,8583
o,959,348,-5377
t,887,257,-9975
o,944,926,-928
o,963,27,6523
o,385,909,-8235
t,477,739,-7813
o,648,509,3047
o,998,907,-5007
t,862,279,8130
o,267,719,3622
o,114,283,1367
o,98,163,-9500
t,509,132,-322
o,947,834,-1391
o,75,415,-6680
t,75,667,-5403
t,247,759,-9417
t,225,274,4373
t,27,576,2268
t,857,278,9062
o,492,437,2122
o,789,415,6180
o,207,66,8774
t,728,256,1918
t,354,890,8212
t,320,70,9379
o,500,610,3000
t,557,362,9167
t,43,708,9988
o,953,287,9046
o,899,599,2533
t,892,330,5342
o,362,798,-793
t,255,119,2718
o,62,243,2223
o,977,959,-6837
o,704,384,1811
o,714,698,-6960
o,775,30,-5859
t,934,830,9757
o,635,626,-8488
t,493,504,4268
o,224,406,-8298
o,639,73,-9172
o,236,378,-5879
o,442,360,5495
t,624,895,4622
t,226,614,-598
o,196,673,4597
t,807,732,5387
t,239,823,7700
t,464,980,-9978
t,857,595,7853
t,946,875,-1788
t,543,53,-8097
o,925,346,-5945
t,147,381,-1761
o,964,327,-9179
o,354,679,-133
t,988,285,-9205
o,445,774,-5882
o,723,133,-9047
o,38,303,-1015
o,744,473,3948
o,742,878,5860
o,968,625,6504
o,40,667,4846
o,565,11,-6876
t,295,630,705
o,874,438,2849
o,624,460,8411
o,239,427,406
t,484,168,7839
t,25,274,3097
t,808,316,-2552
o,554,878,3981
o,478,858,6315
t,923,551,1525
t,852,680,-908
t,533,113,-4332
t,441,291,8590
t,803,81,-2076
t,463,976,9418
t,244,691,3803
t,742,437,5576
o,449,442,2437
o,963,215,-7880
o,299,782,4453
o,799,729,-2575
o,133,999,-9018
o,627,817,9180
t,135,119,1062
o,938,295,-6650
o,528,252,-730
o,471,187,-1134
o,901,726,-6320
t,828,388,-4524
t,593,95,7995
t,203,205,6681
t,77,449,-5339
o,708,35,4460
o,227,39,-3367
t,451,864,-4609
t,594,736,-7905
o,830,610,-8850
o,618,245,8490
t,272,14,-4341
o,573,704,5634
t,698,769,8373
o,460,296,-6453
o,86,23,1089
t,945,880,2591
o,969,731,-8520
o,587,567,-3361
t,450,302,9388
t,592,773,-3412
t,907,356,-6236
t,329,458,5534
t,819,714,7511
o,909,374,5222
o,231,451,-2479
t,578,681,-9817
o,356,597,6297
t,615,843,3386
o,835,225,3730
o,27,545,-1213
o,956,795,1228
t,867,812,5759
t,791,819,-3119
o,995,297,-2630
t,782,947,4711
o,725,460,-2872
o,761,502,1565
t,579,202,-9534
t,48,747,3165
o,173,218,9745
t,931,927,-8653
o,291,840,113
o,201,456,-446
t,133,335,7063
o,134,881,-1197
o,642,212,9073
t,429,357,-4570
t,944,137,-6475
t,749,302,-8900
t,800,534,2771
t,490,959,1255
t,998,496,6519
o,6,659,-1284
o,5,904,1742
t,118,473,9309
t,435,863,-5513
t,866,668,-3018
t,787,722,8516
o,840,628,-4389
t,76,721,7890
t,437,973,-7018
o,555,298,6272
o,154,39,1186
t,993,316,3550
o,719,161,-7489
t,369,713,-7311
o,715,962,3476
t,519,513,-8816
o,506,835,9708
o,869,73,5497
o,787,417,-2306
o,845,319,-1853
o,205,59,4349
o,182,417,-3445
o,32,716,2112
t,171,58,-3659
t,140,497,-9615
o,460,355,-3366
t,605,959,-9973
t,451,668,-6912
t,347,811,-2770
o,298,941,-2393
t,717,520,5931
t,204,957,-4689
o,342,446,-6875
t,926,829,-1919
o,630,817,-2692
t,92,799,-410
t,770,360,3390
o,125,102,8875
o,411,364,9243
o,662,382,5472
o,410,733,-2183
t,42,68,-1978
o,410,605,2551
o,235,958,2185
t,44,833,5086
t,927,419,9230
t,199,551,1267
t,776,425,-1014
o,420,266,-5794
o,753,924,-5813
o,59,743,-802
o,970,698,-4442
o,230,176,3802
o,240,684,5379
o,760,963,3372
t,711,586,-9346
t,389,922,-6741
o,115,116,-5944
o,204,179,-876
t,994,740,-3456
o,557,475,4169
o,283,860,-7125
t,934,247,-8524
o,862,625,-7183
t,62,255,-6713
t,108,287,1695
t,291,203,6025
o,714,303,-8699
t,687,809,-838
t,822,590,-1
o,734,967,-8261
t,246,82,-5067
t,907,454,-930
o,992,555,-2825
o,466,765,-4756
o,250,802,7531
o,130,664,4856
o,794,8,1345
t,52,668,-3722
o,998,766,568
o,66,479,-4350
o,917,47,-1885
o,819,354,4195
o,979,613,2509
t,152,573,7686
o,849,91,-691
t,264,778,9990
t,327,617,-6447
o,307,79,4143
o,170,978,-5376
o,503,279,5705
t,78,127,7573
o,670,648,5523
t,423,846,-2945
t,367,696,-8585
o,875,518,7198
o,369,761,-9654
t,735,363,5320
t,59,141,-5034
o,937,858,-9115
t,305,38,-3274
o,203,549,1433
o,689,368,3032
o,108,594,-6820
t,894,957,-2147
o,590,951,105
t,528,147,-9648
o,955,799,-900
o,346,800,-2857
o,553,128,4208
o,132,689,4980
t,359,773,-936
o,329,362,7802
t,191,105,1469
t,403,925,4252
o,165,829,9607
t,423,283,5003
o,959,536,7769
t,569,113,3228
o,223,375,-4762
t,717,674,8409
t,816,680,5021
t,196,176,2739
t,336,322,-4024
t,853,923,357
o,467,716,-1875
o,774,987,-6461
t,117,355,-6836
t,375,61,8080
o,380,465,6073
o,941,181,6594
o,672,685,5718
o,318,27,-2152
o,315,670,1852
t,493,783,7108
t,185,751,-2982
o,929,245,-4226
o,245,337,-4308
t,942,797,-7035
o,622,928,5135
t,381,487,1557
o,991,848,9776
t,405,56,-3728
t,44,269,-5343
o,656,128,-6362
o,735,265,2032
o,312,844,7486
t,361,785,-7036
o,284,103,-6951
t,596,945,9770
t,298,0,-82
t,46,224,5354
t,567,371,-3086
o,837,346,-8870
t,308,177,-1087
t,362,966,1719
o,355,40,7617
o,105,641,2664
o,57,408,3581
t,989,262,5297
t,534,945,-1101
t,365,951,5626
o,944,968,699
o,210,914,-3068
t,152,56,1381
t,208,224,-8309
o,625,904,-57
o,683,909,-6574
o,693,287,7527
t,930,419,1413
t,372,0,-6628
o,115,445,-3137
o,333,916,-6328
t,303,18,-1862
t,522,106,-1351
t,945,898,809
o,612,347,4975
t,7,32,3613
t,22,917,634
o,713,14,-592
t,446,865,5996
o,357,557,3061
t,193,573,4221
o,8,894,-8966
t,999,386,5187
t,668,253,-3115
t,702,708,-4917
t,350,87,623
o,139,173,-5206
o,364,751,-6781
t,454,489,-4138
t,236,347,8763
t,54,409,-8462
o,729,807,-1200
o,501,645,-3473
t,36,525,3113
o,138,188,-1174
o,704,293,1476
t,92,905,3110
o,689,216,-9794
o,772,603,3716
t,916,274,3517
o,540,108,2305
o,21,703,3458
t,907,135,-1405
t,618,191,8746
t,184,628,-3919
o,530,958,-7171
t,425,626,960
t,591,671,-7056
t,933,442,8419
o,959,349,-6956
t,341,156,1514
t,540,449,-350
o,931,218,4853
t,511,635,9481
o,259,813,-6363
o,182,129,7475
o,729,999,-4980
t,225,986,1341
o,719,920,2137
t,771,327,-3771
o,777,541,7752
t,52,178,8205
t,350,61,-4259
o,358,728,-4274
t,841,760,-9720
t,327,624,-7211
t,273,964,8295
o,899,775,-2548
t,574,953,8540
t,417,566,-2392
o,450,993,8521
o,262,765,-8297
o,613,761,8707
o,344,714,-141
o,974,132,-4946
t,508,686,1117
o,999,189,9483
t,748,151,4569
o,803,853,-9526
t,17,444,-6264
o,29,999,-5904
t,848,456,6194
t,272,500,2350
o,516,22,3400
t,73,384,-5383
t,40,930,3199
t,195,451,7311
t,575,380,5461
o,363,45,-3154
t,616,121,-5937
o,801,316,-5579
t,848,780,-7288
t,881,554,4131
t,909,79,8862
o,242,861,841
o,371,772,-1952
t,41,507,-4243
t,75,758,-7488
o,238,188,5547
t,297,79,-7529
t,241,107,-535
o,163,916,8603
o,667,812,7818
t,122,425,4999
t,363,881,7204
o,888,915,-2610
o,533,856,6264
t,169,885,-289
t,696,576,7718
o,767,643,-4476
o,307,649,3888
t,45,698,4453
o,27,662,-2441
t,224,670,69
o,100,698,-6647
t,691,648,6461
t,523,365,4957
o,705,475,-6814
t,945,258,-8870
t,837,649,2506
t,120,94,-5448
t,869,917,8786
o,724,542,3510
o,48,893,-3076
o,84,481,6450
t,151,555,3321
o,789,12,5123
t,869,486,-9151
o,44,136,2106
o,803,74,-8430
t,484,767,-993
o,420,704,-6827
t,984,406,858
t,976,235,762
t,592,886,3120
t,781,838,-3117
o,436,407,-6442
o,971,635,1885
t,538,392,378
o,939,382,9308
o,766,442,7214
t,409,416,3062
o,722,349,-9612
t,177,889,-8309
t,28,110,-8524
t,8,12,-784
o,902,192,8573
t,323,577,-1018
o,560,296,-1002
t,184,328,6715
o,982,613,-1819
t,368,611,-4339
t,3,113,58
o,393,540,4366
t,675,248,-9102
o,19,693,7761
o,640,485,9642
t,638,210,-5817
t,305,773,-1679
o,738,748,4412
t,183,201,5024
o,965,891,-1266
t,568,36,-5721
t,287,254,-8238
t,741,422,3685
o,832,650,-3613
t,966,182,-6035
t,410,217,391
t,224,517,-1175
o,993,918,-1763
t,790,944,-6434
o,710,265,-8779
t,261,648,-9766
o,350,956,980
o,654,279,-8051
o,291,844,1543
o,673,346,-6931
o,338,987,1026
o,188,151,7249
t,373,637,2811
t,637,754,7571
t,744,303,5242
o,88,641,-675
t,157,215,-8319
t,108,717,9908
o,166,176,81
o,218,561,-9921
t,646,192,1961
t,559,787,2275
o,611,46,1513
o,276,195,-1224
t,174,583,6891
t,450,173,2715
t,328,998,2365
o,332,269,-2698
o,623,229,-8631
o,505,773,3406
t,712,730,4883
o,360,768,6354
t,750,122,-3096
t,593,590,-9077
t,54,48,6796
t,290,426,-4679
o,410,880,9869
t,508,544,7362
t,754,983,9770
o,258,615,8519
o,300,960,-7719
o,230,235,-2030
t,302,280,-1231
o,388,788,-1038
o,184,347,1526
t,453,30,-3221
o,971,55,8644
t,960,936,-874
o,274,794,6871
o,100,275,6323
o,399,83,-9160
t,94,548,1920
t,336,579,-6927
t,244,490,3476
o,437,307,-1911
o,935,298,3388
t,767,984,-1134
o,710,826,7979
t,941,542,9743
t,776,340,-1630
t,461,878,-9438
o,656,100,-4465
t,936,488,-8204
o,646,668,3378
t,612,462,1505
t,634,619,-4932
o,272,17,-1312
t,498,399,-1775
t,293,806,-8176
t,549,535,4474
t,103,995,-2963
t,291,934,-9601
o,484,545,-7576
t,344,173,-7795
o,375,720,1273
t,9,735,-6157
o,903,690,4186
t,618,171,620
t,767,152,-9202
o,752,1,4670
o,743,225,-5450
o,759,189,6323
o,579,235,6135
t,698,216,-7025
t,438,615,-488
t,232,181,-1722
o,4,491,-7150
t,602,25,-5793
o,57,570,5840
o,722,541,4837
t,716,747,2947
o,659,995,-8162
t,738,540,-6844
o,586,321,4168
t,238,474,-7950
o,962,6,-6090
o,757,929,8823
t,366,31,8585
o,315,752,-5663
o,778,224,1660
o,324,447,1641
o,339,260,6769
o,277,697,-6948
t,665,819,9800
o,472,408,-1239
o,935,91,7116
t,587,978,-3216
t,570,758,-7931
o,745,588,5438
t,895,784,-9425
o,652,925,8369
o,500,428,-9952
o,22,951,-4699
t,934,911,-985
o,297,597,9598
t,809,662,8630
o,979,889,-1592
o,958,865,-8171
t,403,122,4543
o,236,604,2320
t,400,124,-8852
t,276,831,5949
o,325,914,52
o,910,361,-6090
o,964,502,9591
t,871,639,5048
t,669,349,2516
t,151,199,2457
o,100,67,2792
t,318,111,-6691
t,105,785,-7931
o,101,100,-6648
t,420,720,7471
o,257,58,3424
o,904,171,9578
t,443,458,305
t,949,108,3054
t,14,387,-8662
t,61,451,-1232
t,605,53,-1472
o,231,883,-9482
o,911,169,1489
o,978,710,3579
o,809,870,3464
t,801,936,9088
o,854,661,5596
o,619,600,-3480
t,386,708,-7682
t,646,402,-1750
t,730,870,3434
t,641,264,-6609
o,804,952,9484
t,449,355,8524
t,207,717,-3803
t,420,571,-3118
t,942,120,6172
o,113,830,-9379
o,155,657,939
o,331,411,-6814
t,385,124,-9689
o,709,550,-9468
o,520,200,-6966
t,292,839,-8145
o,105,305,8004
o,69,930,1049
t,627,534,-6792
t,707,110,-6794
o,803,924,7183
o,955,682,-5409
t,343,474,2445
t,758,572,5826
t,832,851,-735
o,284,972,-9373
t,123,113,7052
o,240,88,-1103
t,379,134,-5906
o,685,469,1465
o,626,471,-6506
t,749,727,2080
o,492,199,5316
t,609,581,-3528
o,485,78,-5447
t,568,369,1585
t,154,170,8819
t,744,512,-1999
o,5,211,2204
t,867,602,-8755
t,522,185,2518
o,513,203,7476
o,217,455,8233
t,640,565,-1712
o,854,406,4135
o,271,266,-6229
t,61,127,9327
o,185,170,8549
t,907,729,9547
t,842,697,288
t,809,229,-3663
t,695,2,7120
t,868,536,1896
o,939,371,-5245
t,787,397,-2361
t,881,979,8290
t,369,930,5371
o,206,846,-5981
t,343,955,604
o,291,530,-1619
o,273,608,-8716
o,609,691,-2822
o,596,492,2344
t,685,908,-1898
t,301,697,560
o,568,597,-9872
t,775,24,-4480
o,904,563,-1030
t,495,809,5005
o,137,810,-5756
t,304,621,3162
t,917,75,-1787
o,372,913,-2228
o,489,162,-3382
t,594,388,-820
t,249,304,-7688
o,68,427,-8582
o,312,813,772
o,909,918,452
t,553,118,-275
o,355,600,-5454
t,102,768,506
o,370,521,-6616
t,47,169,6999
o,787,761,5702
o,340,313,1137
o,734,18,-5269
o,6,688,-9241
o,974,792,-4580
t,44,60,361
o,763,651,-4962
t,492,304,8658
t,764,965,-9410
t,946,767,-2013
o,474,903,3887
t,2,766,-7361
t,437,580,7886
o,169,797,7730
o,237,915,5232
t,881,114,-6981
o,567,989,4844
t,312,389,-3111
t,503,711,-1760
o,580,161,1383
o,265,737,7314
o,879,434,5437
t,859,285,-696
o,220,715,8340
o,500,196,6282
o,278,814,6938
t,248,896,4169
t,353,232,6563
t,574,951,-9729
o,314,353,7592
t,18,536,7050
o,795,661,4981
t,467,155,-5158
t,579,69,-7094
o,199,466,4948
t,264,943,-487
t,63,577,-6850
o,741,271,1035
o,700,112,-9895
t,453,90,-114
t,200,736,-6108
o,56,880,9648
t,726,418,2873
t,162,530,9783
o,630,926,3695
t,766,873,822
t,203,664,6162
o,569,810,8305
o,161,122,-5955
o,823,420,-2167
o,247,120,7329
o,443,533,-6113
o,584,46,-4753
o,699,213,4427
o,129,80,9849
o,269,734,8677
o,2,751,9103
o,759,522,5080
t,452,990,-9506
t,271,447,-9255
o,251,566,3362
t,181,17,-6570
o,645,75,-1476
o,357,50,-5710
o,452,971,7845
o,673,147,-42
o,139,120,3965
t,683,652,-8319
t,73,976,9373
o,165,538,-5737
o,620,788,2962
t,787,672,-6961
o,949,623,-6285
o,27,179,-7311
o,607,298,-6581
t,331,242,707
o,354,297,8003
o,10,917,1461
o,128,839,1194
t,260,197,-5751
t,161,120,7456
o,286,905,47
t,328,377,-7909
t,615,783,5009
o,157,781,-104
o,772,624,4592
t,424,778,5259
t,555,178,5323
o,460,73,-8588
t,842,538,5825
t,335,914,6830
o,192,866,-5663
t,166,915,3422
o,58,120,3001
o,160,94,-9655
o,798,125,-9179
o,519,608,79
o,55,630,5019
o,779,579,-9064
t,435,273,3110
o,238,801,-6233
o,47,94,8078
o,50,276,-5575
t,319,435,4314
o,744,406,3146
t,877,115,2467
o,595,989,2508
o,188,60,-8484
t,536,777,-2740
o,23,101,-3533
t,88,902,2604
o,596,82,7896
o,263,219,-8372
o,109,568,-8469
t,242,691,-1235
o,671,446,-4168
o,567,17,-6438
t,968,765,-7049
o,464,418,6600
t,801,560,-2448
t,828,759,9847
o,491,174,-1229
t,784,149,-2759
o,904,473,1588
t,772,202,-6708
t,918,278,4916
o,386,642,570
t,917,534,9660
o,932,399,4469
t,511,235,8777
t,877,844,3562
o,125,64,9745
o,831,902,3445
t,124,828,4706
o,589,990,-1161
t,491,781,-441
o,944,362,-2855
t,712,628,-1904
t,65,972,-6714
o,150,80,5277
t,589,613,12
o,900,716,4239
o,656,455,23
t,103,424,-148
t,765,470,-3814
o,672,557,-7053
o,537,926,7760
o,437,302,543
o,454,702,1767
t,576,438,-1582
t,433,744,-4378
o,236,498,4974
t,754,180,7314
o,583,151,3273
t,682,237,4661
t,348,986,-8604
t,399,822,9516
o,888,238,-1261
o,257,729,3526
o,961,453,-4817
o,415,997,-4726
o,433,603,7685
o,846,356,-1177
o,970,253,4835
o,551,591,-57
o,512,318,-9073
o,318,667,-3884
t,983,586,-2402
o,323,32,3469
o,178,432,2464
o,309,860,8887
t,402,953,4044
t,918,115,-291
o,84,209,3685
t,57,266,7918
o,444,203,-229
o,8,354,-6374
o,409,903,414
t,493,694,5289
o,327,335,-9340
o,423,400,5011
o,141,687,-6048
t,35,558,5755
t,285,87,223
o,276,664,-2627
t,684,71,1327
o,447,24,-4895
t,81,888,-1205
o,138,50,835
t,358,572,7775
o,376,772,7866
o,332,440,4880
o,535,958,-1265
t,620,711,-3633
t,338,942,6253
o,742,544,-577
t,66,772,-7046
t,642,850,-250
t,732,457,-696
t,401,183,-1141
t,71,979,6816
t,594,885,-4619
t,395,172,-7077
o,288,141,-8370
t,134,624,9683
t,506,945,8913
o,900,242,-1996
o,600,419,2075
t,686,577,-5340
t,805,42,7359
t,579,37,-6154
t,266,26,2841
o,443,228,3874
t,203,624,-5953
o,839,569,-4241
o,811,21,-5770
o,816,399,2990
t,451,333,-692
o,725,934,1358
t,547,960,6114
o,194,314,1722
t,16,473,-6499
t,216,514,1690
t,87,972,1652
o,398,72,-1985
t,488,378,-4284
t,291,67,-3240
t,156,604,8909
o,566,664,4688
t,239,945,429
t,655,435,2768
t,814,639,4655
o,374,809,-6350
o,170,886,8923
o,45,595,3469
o,429,434,-3484
t,351,829,-5877
t,298,389,5636
t,806,737,-8925
t,971,107,5146
o,812,907,-100
o,769,692,-9475
o,121,652,9226
o,144,296,-6044
o,560,829,6192
o,83,325,6909
o,595,544,7398
t,864,501,-359
o,264,180,9979
o,331,904,-9974
o,676,835,-4295
o,323,773,5596
t,354,119,-4914
t,834,272,-1837
o,937,691,-6069
o,141,774,9280
t,69,201,-1639
o,741,188,7298
o,503,941,5014
t,932,511,9400
o,185,348,-9492
t,707,804,-2265
t,848,944,-1427
t,57,965,7226
o,600,266,2762
o,485,834,-4062
t,640,928,-6720
t,704,922,6792
o,824,243,-7067
o,443,746,9618
o,681,153,965
t,551,440,-9178
t,928,790,4362
o,619,827,5121
o,788,805,-4600
o,309,765,4347
t,517,307,7953
t,9,524,-9300
o,472,20,1595
t,93,442,-2820
o,913,156,-7740
o,774,26,-4936
o,38,82,2204
t,39,334,4616
t,714,798,4180
o,366,159,-4687
t,342,869,5582
t,359,698,-1023
o,687,421,4172
o,473,888,3148
o,230,2,8753
o,485,8,1881
o,330,950,-7572
t,886,638,-1361
t,941,211,7099
o,619,234,-925
o,58,716,7467
t,983,979,8563
o,714,19,7613
o,188,755,897
o,634,434,-5612
o,671,582,-5289
o,924,154,6709
t,570,756,6470
t,824,440,-6195
o,743,369,3736
t,700,273,-3791
t,746,394,9528
o,484,588,3825
o,580,842,7267
o,783,266,-6812
t,636,88,-3732
t,879,14,9415
t,524,720,-3860
o,239,759,-5497
t,705,371,6535
o,625,66,5421
o,715,859,144
o,513,599,1105
o,698,58,-3549
t,76,605,-3409
t,953,312,-3683
t,985,242,-3708
t,961,95,2169
o,257,541,8913
t,11,228,7650
t,288,745,4263
t,58,510,-9716
t,960,149,3090
o,63,177,-4559
o,567,474,7976
t,782,522,-1418
t,568,219,3909
t,337,262,-788
o,26,382,-5724
o,76,475,8976
t,448,318,9870
t,737,656,8624
t,123,198,3797
t,343,654,-7502
t,213,200,9416
o,151,689,-8105
t,541,303,-3457
o,16,722,-8050
t,532,319,8396
o,774,199,669
o,136,212,-1965
t,469,34,-4406
t,697,844,3583
o,350,259,-2935
o,376,354,-6464
o,231,865,-4328
t,497,551,566
o,408,1,-1407
o,686,580,2247
t,268,243,543
t,744,228,5326
t,501,978,-325
o,133,577,4028
t,243,524,-4340
o,805,491,-5144
o,636,446,2356
t,320,359,-3420
o,4,810,5840
t,554,232,-5873
o,694,445,-9001
o,548,290,-95
o,706,132,7725
o,209,536,-7812
t,686,564,7704
t,863,530,5704
o,870,431,-1022
o,532,95,-8623
t,365,571,5286
t,624,892,-7670
o,549,573,4496
o,617,615,2319
t,669,201,9270
t,915,538,-4181
o,223,475,-7828
t,618,707,2992
o,982,896,5182
o,417,383,-3482
o,287,181,-9958
o,940,893,5988
o,574,259,-6944
t,422,383,9586
t,386,308,-9614
t,727,696,-6461
o,961,632,6518
o,174,568,5818
t,953,548,-403
o,228,622,9706
o,569,114,7021
t,388,219,-891
o,909,126,9165
o,95,61,9869
o,257,894,-5267
o,118,102,-2450
t,294,717,-1138
t,182,631,-7677
t,221,799,-20
o,725,518,-7309
t,891,255,2023
t,293,882,3828
o,297,459,5246
t,987,318,1977
t,731,292,-1691
t,888,559,-5888
t,245,623,-6411
o,389,237,-4151
t,962,812,-5699
t,276,331,-5471
o,667,537,-3059
t,52,637,-4690
o,667,34,1858
t,902,37,4013
t,628,307,-4516
o,949,640,9268
o,136,498,-1550
o,739,518,9540
t,367,859,-7924
t,334,460,6503
t,63,314,-101
o,720,739,5257
t,655,336,2726
t,817,848,-6299
t,166,291,-4428
o,111,809,9439
o,395,600,-6540
t,332,720,-6061
o,763,32,-2065
t,13,640,5050
t,142,681,-99
o,44,936,6955
t,867,98,8933
o,717,224,-1152
o,665,304,-6021
t,943,787,-6311
t,623,240,-612
o,919,996,-5221
t,709,888,8962
t,484,441,9183
o,895,774,3763
t,542,115,3506
o,94,563,979
o,749,505,8479
o,483,387,-3455
t,655,751,1665
o,946,468,2773
o,884,668,-9126
o,698,485,9678
o,194,457,2092
o,990,684,2032
t,464,228,1443
o,918,392,1347
o,564,405,7298
o,834,50,-6294
o,89,601,-4406
t,323,981,-9276
t,80,334,1379
o,760,552,7997
o,603,311,-523
t,922,685,6900
o,271,502,4728
t,901,951,-1159
t,946,265,719
t,686,942,3931
t,319,944,9858
o,920,250,8904
t,606,454,377
t,109,428,-659
t,712,20,2345
o,760,82,-7649
t,3,50,698
o,403,461,-2574
t,819,201,522
o,174,728,-9092
o,239,633,5461
t,162,235,7181
t,166,712,-2290
t,631,898,-2930
t,536,335,271
t,870,451,-3590
o,24,842,-8029
o,841,711,-1592
o,953,239,8591
o,471,435,3769
t,987,335,6659
t,108,41,2009
t,109,491,-5260
o,431,204,-1397
o,207,389,8750
t,568,978,-9649
t,91,929,-7654
o,982,502,1784
t,571,974,-7455
t,460,428,-3962
t,239,865,-5377
t,572,895,-4413
t,589,561,-6269
t,734,945,5398
o,794,995,4195
t,167,10,-9236
t,264,88,4467
o,951,540,-2909
o,663,745,-5044
t,515,526,9777
o,687,399,7668
o,190,141,8281
o,62,636,-5847
t,995,247,1129
o,470,717,7360
t,5,295,-3760
o,967,964,-7734
o,98,924,7001
o,284,166,7976
t,956,166,2761
t,42,652,-5355
t,734,925,-9953
t,698,481,2210
t,372,376,-5857
o,715,473,3179
t,521,436,3301
o,804,179,-5484
o,995,935,3192
t,445,83,1468
t,645,361,8536
o,254,153,2255
o,726,770,-463
t,335,976,-7107
o,424,916,9908
t,916,352,1150
o,359,758,3712
o,492,392,-7518
o,393,429,3242
o,358,299,7094
t,626,351,-1345
t,324,568,-8972
o,910,219,-7039
t,680,172,3456
t,272,168,-7347
o,518,686,-6179
t,908,325,-7017
t,949,711,-570
t,606,928,-841
o,887,642,-133
o,358,636,9435
o,396,211,5194
t,490,96,2149
t,226,861,-1461
t,71,920,9100
o,274,530,4155
o,544,594,7877
t,206,870,-7907
t,576,434,5810
o,878,380,3874
t,19,453,4724
t,144,204,-7610
o,37,809,7696
t,78,461,4887
t,296,26,-1824
t,760,670,-9638
t,708,753,495
t,163,47,9454
o,183,385,-4247
o,600,342,-2926
t,499,450,-9018
o,138,326,6234
o,911,703,2140
t,769,695,6915
o,545,451,5617
t,948,562,8747
t,709,24,-3217
t,754,381,842
o,363,638,-4349
t,719,811,-5807
t,481,183,8809
o,4,436,-399
o,957,46,-4523
t,731,862,-1535
t,230,810,7216
t,526,93,5693
o,132,169,-111
t,209,421,3963
o,344,507,6778
t,982,372,8454
o,464,994,2765
t,894,572,-9967
t,42,91,-227
t,355,301,-1075
t,713,821,5505
o,933,215,-3529
t,548,579,4027
t,599,596,-3398
o,217,462,6083
t,680,432,-3119
t,809,965,-6320
t,972,419,-8819
o,3,485,900
o,228,479,8034
o,121,576,-6512
o,105,840,41
t,799,266,4320
o,505,980,3659
t,740,590,6469
o,877,953,-8298
o,938,961,3
t,209,889,-1260
o,3,189,-4956
o,284,206,-9027
o,203,533,-7538
o,830,87,-364
t,357,55,5339
o,144,107,-2506
t,369,334,2653
o,853,398,-825
o,77,439,8488
t,11,719,3709
o,613,755,-9836
o,775,533,-1360
o,956,854,8589
t,475,526,7107
t,382,856,5043
o,899,149,-7940
t,723,808,-9223
o,202,5,4470
t,186,8,-1817
t,663,221,-7362
t,981,745,-4812
t,359,375,-5147
o,970,689,-908
t,188,662,-9249
o,664,739,6210
o,378,253,1328
t,758,75,4685
o,445,829,-9162
t,180,793,7842
t,871,714,997
o,333,895,4470
t,757,154,-9879
o,902,536,-8692
t,502,183,-7163
t,991,603,7510
o,155,239,1541
o,190,739,7820
o,91,666,7003
o,323,492,5809
o,957,787,-4531
o,656,322,-1734
t,106,301,-6069
t,99,721,-5583
o,812,257,-4831
o,433,52,3425
t,910,403,-8149
t,653,250,9382
t,11,570,6363
t,631,976,-743
o,140,571,8750
o,736,838,-8409
o,458,581,505
o,918,549,-7189
o,297,859,-6836
o,259,817,7819
t,599,505,-4881
o,708,742,1433
o,997,767,-5134
t,37,952,-4939
t,259,157,-462
o,686,542,-6586
t,474,785,3648
t,422,11,-4940
o,673,558,-7128
t,624,695,9549
t,455,306,-9465
o,962,618,3887
o,170,64,3230
t,27,620,2851
t,366,857,3205
o,337,853,-9882
o,699,849,7615
t,652,237,7430
t,845,225,-7472
o,102,529,8225
t,160,370,-7105
t,425,577,914
o,820,8,-9478
t,188,146,-9251
t,70,296,-4569
o,832,495,3280
t,100,322,3731
t,983,921,-6677
t,702,924,-4455
o,782,423,-8611
o,69,78,7143
o,226,751,3758
t,172,50,-7526
t,847,636,-2308
t,653,958,4616
t,854,673,-517
o,41,347,9173
o,504,397,-7678
t,544,661,9324
o,758,735,-9146
o,16,768,6348
t,451,530,1649
t,308,23,-7272
t,915,350,-3277
t,226,458,-7261
o,873,582,-7304
o,266,102,6719
t,391,183,-1788
t,342,85,9867
o,981,530,3704
o,22,572,5568
t,562,683,-1732
t,791,835,-8404
o,399,445,7762
t,447,158,8225
t,823,569,6375
t,631,933,8516
o,401,889,2180
o,395,76,-5516
o,236,897,-4274
o,206,162,9855
t,988,916,2555
o,720,554,8482
o,13,678,-5198
t,861,342,-1503
o,744,189,3180
t,307,719,6558
t,730,428,-3976
o,97,595,-1056
t,357,686,-2992
t,560,789,7242
t,270,304,9075
t,351,227,-4331
o,378,273,-5091
t,717,592,-9671
t,998,361,-5637
t,974,391,-9063
t,777,301,-3319
o,21,194,-2233
o,612,353,5199
o,984,927,-3016
t,591,575,287
t,952,488,-9293
t,621,920,3919
t,976,905,488
t,506,400,6576
t,610,531,-8665
o,12,329,6050
t,228,788,-122
t,595,901,2683
t,656,579,-1488
t,815,227,8839
t,931,281,-6369
t,239,181,623
o,596,547,551
o,377,116,-5397
o,697,25,-6704
o,464,173,-1068
o,627,554,8738
t,624,170,-4328
o,357,613,-9666
t,991,6,1460
o,908,237,-3082
o,287,76,-9228
t,340,596,-610
o,773,156,743
t,433,874,-2480
t,878,390,7577
o,281,216,2889
t,713,986,932
o,169,204,5275
t,947,54,7486
t,940,153,-3067
o,830,652,-3775
t,211,843,-6502
o,313,607,-5895
o,288,627,6333
o,846,44,7333
t,147,498,6491
o,590,225,8981
t,1,778,-4985
t,119,476,-3051
o,435,8,392
o,510,172,6252
o,2,526,8171
o,430,657,-4695
o,831,449,-3789
o,819,712,-4045
o,281,459,6509
t,552,222,8495
o,317,905,5104
o,336,187,-4346
t,265,452,-7469
o,143,374,1985
t,432,592,6819
o,344,411,-1071
o,985,503,-987
o,750,321,4380
t,19,374,9392
t,218,606,-7244
o,352,188,7336
t,420,911,-4297
t,254,901,9401
t,714,388,6677
t,972,722,-3782
t,359,374,6900
o,893,495,268
t,329,512,5828
o,448,176,8020
t,828,421,1280
t,51,18,-5468
t,820,471,5105
o,12,654,7565
t,449,601,-7848
t,658,86,9579
t,985,360,-2689
t,100,139,-1430
o,900,13,-6784
t,263,797,-3032
t,415,247,201
t,213,827,345
t,532,353,-174
t,299,732,6946
o,365,524,-350
t,40,243,2938
t,757,123,7259
t,88,42,-8517
o,563,174,-7280
t,206,142,-4910
o,30,287,385
t,595,970,4923
t,461,997,-8204
t,543,411,2129
o,408,90,9502
o,686,771,2792
t,236,482,-6089
t,35,559,-5400
o,689,975,-6018
o,682,574,-7282
o,935,341,6073
t,461,787,-8799
t,512,163,-210
o,687,806,-9759
o,686,517,6824
t,148,955,-8774
o,679,287,3584
o,180,901,-4240
t,761,361,-9929
o,824,463,-6560
o,885,15,-8020
t,582,627,-3471
o,696,804,946
t,296,907,-3239
o,285,252,1382
o,932,411,6245
o,693,452,3665
o,117,688,-14
t,650,362,3190
o,617,663,2566
o,765,121,9905
t,319,805,4818
o,576,674,-5303
o,129,309,4833
t,702,22,-1674
t,759,285,8655
o,249,187,1524
t,210,895,-4665
t,746,211,-3851
t,169,858,5355
o,474,44,-3935
t,338,22,-1793
o,932,238,-3460
t,70,351,8697
t,983,850,-8662
t,721,715,8230
o,60,77,-3587
t,75,353,-6439
t,885,80,3524
t,521,840,1855
t,724,596,2674
t,317,23,2386
t,274,415,-3513
t,513,606,-6197
t,717,779,-7925
t,356,385,-2494
t,985,289,706
o,693,737,-4982
t,760,687,8780
o,280,560,5511
t,170,3,-5410
t,629,408,8097
o,555,575,36
o,911,638,1006
o,327,96,-7438
o,500,474,-2289
o,851,205,2648
o,679,93,596
o,455,661,-4576
o,376,370,-5916
o,200,569,-9147
t,455,796,1896
o,515,433,-4206
o,538,897,-5558
o,338,327,-9718
o,132,975,-7779
t,556,574,7098
t,326,553,1826
o,414,305,-5854
o,382,126,-5094
o,874,783,-2145
t,866,859,8243
o,330,159,-8343
t,866,385,-8391
t,548,726,4809
o,663,332,9939
o,449,598,-6990
o,899,451,7677
t,498,268,6293
o,138,861,7872
t,520,331,4840
o,183,539,4680
t,238,993,-3588
o,579,835,696
o,432,228,-9955
o,769,899,5580
o,312,686,5456
t,532,832,-7762
o,832,70,2769
t,689,93,2837
t,708,185,8106
o,476,917,-9559
t,402,95,9268
t,137,290,-9812
t,602,352,-7546
t,353,718,3840
o,382,257,3964
t,822,645,-355
o,827,509,-5848
o,555,396,290
o,637,222,8703
o,309,207,-2647
t,934,3,2199
t,35,656,5823
o,990,926,1346
t,421,247,3230
o,985,749,-3108
o,633,80,-1970
t,33,457,5371
o,109,745,-1501
t,369,944,8014
t,34,730,3966
t,427,6,-8817
t,308,695,2073
o,547,457,-5186
o,809,356,-8664
t,530,218,-9022
o,116,315,-2983
o,704,905,-7102
o,865,443,8910
o,164,603,8801
o,527,557,8769
t,734,837,10
t,219,310,2269
o,596,998,-5273
t,464,908,4660
t,747,89,-1029
t,153,224,-4175
o,913,759,-3148
t,974,588,6642
t,73,436,7536
o,280,118,3161
t,409,763,-1956
o,614,407,1493
o,98,415,2433
t,301,754,-8683
t,756,764,-2616
o,106,856,-4163
o,27,613,9734
t,687,611,-7987
t,494,648,3477
o,90,205,-9057
o,251,470,-2727
o,850,717,-8786
o,637,17,-2710
o,488,841,5668
t,922,581,5337
t,556,126,9230
t,694,929,-1201
t,917,392,9849
o,265,20,3400
o,654,590,703
t,475,556,-4799
o,77,715,-9943
t,50,241,3043
t,872,352,-8904
o,21,966,-5343
o,685,493,-5915
o,257,998,-2877
o,929,751,-3144
t,283,955,-5396
t,299,825,7885
o,513,799,6165
o,196,751,3330
o,51,182,-1360
o,526,867,-1216
o,282,891,2459
t,115,373,-9369
t,873,727,4039
o,731,219,1028
o,203,852,3158
o,451,590,-7598
o,836,204,6117
o,910,899,-3398
t,379,945,9853
o,26,252,4601
t,508,248,4013
t,379,0,4290
o,340,440,-8394
o,629,640,-3602
t,814,451,3318
t,579,707,-7083
t,945,520,-464
t,901,644,3253
o,803,317,7777
o,185,602,940
t,431,158,9221
t,979,677,-5797
o,483,725,5495
o,827,342,2975
t,998,790,4463
o,86,916,-3579
o,404,714,-5859
o,567,321,-2724
o,743,107,-2882
t,544,290,278
o,834,145,9431
t,237,702,4501
o,337,36,173
o,410,357,8278
o,941,991,-5561
t,315,175,-6178
t,476,250,-7859
t,951,710,2542
t,294,846,-5436
o,820,390,-3966
o,20,454,-676
t,329,528,4297
o,739,260,-4608
t,516,310,7922
o,340,987,1451
t,108,851,551
o,23,792,5327
o,261,823,-4003
o,391,400,-6175
o,966,764,-6579
o,659,331,6093
t,984,42,-6644
t,505,739,-7563
o,545,640,2176
t,742,101,-3136
t,615,1,3185
o,982,517,696
t,732,336,-897
t,482,349,-9934
o,579,967,-4239
o,813,254,-6164
o,108,512,-9224
t,767,407,-13
o,930,769,-829
t,761,779,-5953
o,306,944,2327
t,788,409,2012
o,551,486,-3383
t,456,43,-662
o,241,107,-6096
o,981,354,-10000
t,3,554,5958
o,36,424,3105
t,77,311,8815
t,356,234,-8164
t,80,585,-6935
o,936,635,-1274
t,506,864,4546
o,243,309,-677
o,343,317,5402
o,170,589,-6261
o,36,525,-8608
t,374,881,1450
t,151,437,6605
o,985,224,2342
o,885,241,-1886
t,833,354,-1705
o,171,611,6268
t,686,564,3219
t,529,969,-9153
o,561,418,5884
t,525,956,-3897
t,688,600,-2496
t,363,442,-4735
o,152,233,-8045
o,289,895,-6085
o,263,447,5227
o,625,428,-9281
t,777,788,70
o,917,803,2947
t,279,350,1893
o,470,581,-8888
o,91,833,-6644
t,274,155,-3888
t,599,21,5074
t,777,970,-9095
t,523,301,-2952
t,294,301,-6705
o,182,230,2578
o,895,862,8660
o,628,984,9836
o,370,947,3085
t,868,622,-5477
o,988,284,2570
o,656,909,-6049
o,890,631,2668
t,564,508,-7596
o,316,443,-8179
t,145,182,-6286
t,829,429,-1808
o,122,435,-6348
o,674,226,-3310
o,170,3,4652
o,867,577,-3116
o,411,764,2258
o,416,969,6376
o,939,564,-2528
o,160,664,-5818
o,866,138,-8839
o,962,196,7936
t,977,107,-77
t,266,398,9494
t,397,563,-8903
t,816,374,5740
o,661,973,9732
t,764,626,-3484
t,672,33,-9063
o,519,541,9051
o,783,720,7854
o,994,486,-8911
o,20,946,-8474
o,586,675,8689
t,596,391,-5733
o,58,348,7156
t,435,175,-1204
t,651,932,-6008
o,2,857,-5900
t,332,445,-6471
t,2,997,-8433
t,901,286,8108
t,201,998,1249
t,793,885,-7934
t,776,636,97
o,489,802,-2766
o,361,530,1155
t,942,988,-6070
t,21,963,1541
t,390,159,-5643
o,475,713,-9925
o,329,220,4005
t,714,872,-1816
t,667,580,3156
t,668,810,-7918
t,589,130,6361
t,20,901,8023
o,276,873,803
t,581,94,-460
t,902,500,3694
o,134,183,-1980
o,268,294,6255
o,892,245,3920
t,586,163,-5395
o,303,742,-3191
o,145,771,-4497
t,348,347,-1441
t,996,528,9614
o,171,735,-3018
t,198,699,-485
o,285,619,5097
o,122,777,7888
o,589,254,-7474
o,937,854,-4131
t,406,686,8761
o,272,811,-1585
o,918,850,7068
t,387,479,-9103
o,71,568,4675
t,54,847,9712
t,758,661,8292
t,848,282,8449
o,112,402,4403
t,316,499,-1622
o,182,410,-8139
o,68,696,9664
t,59,148,-6469
o,560,88,-2983
o,201,97,7956
t,289,368,9914
o,69,463,-2314
t,326,674,-2228
t,793,414,6234
o,150,903,1416
o,564,451,-8555
o,922,371,-8109
o,584,420,-8256
o,324,453,7421
o,14,48,-3013
t,739,673,-3807
t,106,425,-9393
o,169,488,3072
t,593,604,-8494
o,119,257,-734
t,11,868,8673
t,696,387,-3633
t,381,996,5272
t,966,451,-2007
o,394,257,-2001
o,924,867,8339
o,13,697,-2099
o,985,560,7134
o,42,616,-7291
t,250,573,3387
t,814,245,8577
t,134,414,-2389
t,995,956,8478
o,716,774,-1855
t,4,335,5786
t,791,599,7511
t,458,592,-11
o,54,63,-3141
o,919,537,3367
t,397,620,7733
o,515,367,-5313
o,38,111,-2110
t,760,237,2515
t,236,767,6707
o,733,5,576
o,483,143,-1727
o,265,166,8379
o,366,616,5668
o,350,576,-7966
t,455,47,-1933
o,19,136,-5490
t,898,431,-5115
o,321,24,-8863
o,855,743,-1359
t,438,379,7671
o,52,13,-6235
o,415,738,1169
t,208,803,-4069
t,254,731,-8502
o,979,750,-1330
t,602,336,-4569
o,445,280,-2754
t,989,59,787
t,306,446,-3424
o,843,960,7784
o,401,644,-2043
o,50,825,-2936
o,152,907,-903
o,429,567,7308
t,88,863,-7672
o,702,954,-7372
t,210,931,-352
o,57,641,6160
t,237,264,1053
t,36,338,3613
o,959,238,5994
o,509,585,7247
t,775,438,-80
t,305,607,-4137
o,572,706,-2461
t,333,985,1786
t,470,308,9536
o,909,313,5756
o,426,380,9231
t,333,394,645
t,566,848,6378
t,4,510,9520
t,258,174,290
t,703,883,-1102
o,566,821,-3691
o,124,202,-8902
o,723,915,6969
t,949,422,2783
o,373,189,-9559
o,404,216,-129
o,446,340,4308
o,128,855,8667
o,715,287,2846
o,755,609,659
o,898,13,172
o,600,946,-3987
o,895,333,6733
t,780,242,8669
t,566,353,1597
o,443,560,4070
o,843,885,-5825
o,574,341,6785
t,932,404,4571
o,261,161,6427
o,52,3,-1434
o,683,868,-6359
t,962,365,-3949
t,345,939,6633
t,922,451,-9276
o,792,528,5226
o,238,326,-7936
t,738,983,3878
t,444,965,7663
o,241,379,-3602
o,938,159,3106
t,100,912,-1832
o,746,52,1829
o,51,137,5127
o,419,360,-548
t,86,391,4981
t,811,636,4842
o,739,908,1001
t,680,796,7060
t,331,521,-7338
o,679,103,-4653
t,818,28,-2933
o,586,220,3829
o,807,303,3573
t,916,418,-5780
t,990,544,-8623
t,668,587,-6679
t,215,821,-9139
t,504,118,5332
t,510,426,-8229
o,216,147,5113
o,695,674,8035
o,836,751,-8282
t,288,507,-8141
t,529,859,-4482
t,582,226,500
o,339,903,-6942
o,657,223,-9626
o,465,75,-1164
t,601,992,3575
t,974,225,5733
o,419,178,-3387
t,952,497,9773
o,121,905,7379
o,347,667,8798
o,305,788,1613
o,87,25,-3341
o,217,22,2975
o,534,66,-2824
t,615,338,-7445
t,59,201,-6353
t,964,829,4648
o,584,421,-7646
o,101,601,-5013
t,768,611,4554
t,865,195,-8918
o,537,704,1809
t,955,279,-4203
o,314,427,3286
t,467,260,2483
o,640,331,9993
o,875,968,-4744
o,488,442,5915
t,510,529,-3678
t,489,311,-3271
o,530,158,-1392
t,986,308,-2835
t,763,334,3505
o,126,828,4618
o,628,564,1220
t,395,288,6718
t,36,540,-2330
o,238,10,4187
t,666,49,-2461
t,225,939,9356
o,251,970,-1837
t,616,30,-3655
o,958,806,-9607
o,506,691,4407
t,670,744,407
t,992,978,-3614
o,288,685,-1553
t,369,610,-9684
t,923,100,6728
t,708,193,-3651
t,530,62,-4960
o,766,699,-5385
o,246,779,6026
o,870,140,-2759
t,362,464,-5517
t,406,530,-6719
o,477,836,-3827
o,597,230,2303
o,320,639,7256
t,19,698,-6650
t,865,545,-2230
t,581,408,4186
t,824,462,-722
t,775,359,1290
o,978,620,-9320
t,372,127,8043
o,182,247,-8890
o,36,143,-589
t,378,328,-7782
t,546,222,464
o,481,246,-3173
o,814,346,4098
o,206,13,4776
t,331,524,-9545
t,543,16,6584
t,645,838,7138
t,501,996,3919
o,862,26,7862
o,338,132,-5598
t,165,472,-3693
o,543,759,-7385
t,530,568,-2596
o,789,479,8771
t,184,425,-6721
t,794,535,2600
o,902,253,6526
o,106,405,-909
t,277,929,-6857
o,612,230,9550
t,48,333,5193
t,962,267,-9368
t,610,24,-8775
t,296,189,6241
t,182,199,4101
t,736,14,8395
o,71,313,-9101
o,705,716,-8896
o,298,70,703
o,894,168,-909
t,778,306,-5903
o,179,349,8409
o,812,325,4086
o,274,558,-5099
o,960,728,7279
o,478,16,-9144
o,553,632,5453
t,748,518,8513
o,254,428,9008
t,369,435,-2614
t,839,615,-3477
o,452,97,9815
o,593,439,3635
o,412,906,-3059
o,957,593,-6941
o,100,842,-8750
t,960,134,-7002
o,973,423,-4684
t,613,573,-1809
t,671,468,2892
t,759,500,-371
o,343,691,8147
t,434,931,1786
o,533,332,-5680
t,406,795,7519
o,857,205,-8287
o,746,149,-3817
o,785,822,-7536
o,267,799,-4540
o,324,48,-2017
o,474,523,-7955
o,831,686,6938
o,59,474,6934
o,70,543,3435
t,17,556,9963
t,581,376,-5282
o,663,977,-6374
o,393,166,-4848
t,43,297,-4052
t,917,47,-7264
o,97,139,6974
o,740,387,97
t,487,278,-2381
o,24,130,2191
t,739,371,-7823
o,170,834,-2688
t,156,934,-7424
t,76,282,-5415
t,592,243,-401
t,549,442,8750
t,966,733,8905
t,448,342,90
o,583,39,-6786
t,148,643,7103
t,578,748,-7831
t,975,751,4092
t,199,826,-2803
o,881,426,2617
t,499,224,-6753
o,604,768,9369
o,322,897,-6447
t,138,588,3977
t,187,812,7318
o,848,258,6473
o,560,379,-9983
t,938,510,-5104
o,75,30,82
o,600,696,4109
o,635,681,8049
t,917,861,6141
o,918,104,9154
o,232,291,-9257
o,944,98,4750
t,873,180,-7396
t,730,330,-9849
t,32,126,-1462
t,869,119,-3502
o,740,581,-5996
o,503,943,8977
o,463,732,-2349
o,423,406,-3497
o,363,445,9566
o,909,144,7787
o,815,62,7819
t,837,551,9509
o,672,700,1100
t,25,892,-1882
o,762,858,5054
t,237,551,-264
o,857,699,-4781
t,669,365,-1441
o,205,881,-6091
o,906,171,-6152
t,798,470,-7144
t,164,235,611
t,525,377,1145
o,108,805,-4413
o,474,281,245
t,892,809,9711
t,5,116,4079
o,139,402,-6869
t,100,780,-4009
t,457,491,-2047
t,819,973,-3599
t,301,155,-2027
t,199,195,-5630
t,63,553,7442
t,482,795,9786
o,729,136,3448
t,73,130,6633
t,362,499,-6291
t,875,860,-5247
o,433,47,-8478
t,726,799,1029
o,267,294,3017
t,80,844,-9850
t,307,156,6411
t,274,78,-7244
t,60,345,-9911
o,996,478,-8224
o,171,155,-2393
t,471,146,-6433
t,960,944,-4314
o,753,215,8297
t,939,459,-9973
t,421,564,1639
t,619,74,5892
t,480,591,5044
t,262,605,4848
t,513,209,-7927
t,714,873,-2313
t,877,626,-7212
t,109,845,-4673
t,190,20,-6269
t,613,165,-6889
t,18,84,-5241
o,877,782,-3024
o,757,229,8287
o,234,533,-6537
t,555,125,-3744
o,482,653,5256
o,267,218,1109
o,527,972,3879
o,281,304,5960
o,176,412,-5072
t,185,751,3445
t,241,620,5239
t,494,780,9106
t,370,628,-7633
o,432,322,7567
t,321,970,6264
o,527,25,4260
o,379,265,8887
t,434,697,-4893
t,231,136,-9697
o,535,897,8244
o,876,684,9894
t,709,291,-9589
o,12,856,6289
o,93,218,-340
t,643,547,-1939
o,455,765,2981
t,101,547,4678
o,795,196,901
o,180,386,5417
t,562,314,-5699
t,46,805,-2857
o,141,0,-378
t,271,173,9354
t,751,343,-5518
t,861,136,9911
o,142,201,-7717
o,791,643,1758
o,234,525,9137
o,99,174,3675
t,943,904,-9270
o,160,238,5607
t,54,796,6287
t,77,455,3583
t,996,366,-568
t,855,445,-8992
o,741,736,-8646
t,538,682,-3488
t,721,729,8238
o,859,97,4614
t,759,478,-8812
t,222,289,-9132
t,972,241,-1120
t,516,631,7815
o,856,428,-8435
t,140,316,5738
t,206,861,4258
t,346,327,-2725
t,74,297,-3894
o,579,947,5798
t,486,741,2937
t,936,528,-2551
o,664,847,-6596
t,587,530,6873
o,107,566,-4254
t,416,441,-3094
t,217,719,8022
t,536,112,8536
o,156,486,9976
t,217,600,6604
t,744,268,-3274
o,164,584,-4830
t,864,464,-4225
t,482,88,-1466
t,118,740,-5732
o,569,89,4911
o,759,670,-6455
o,242,13,6771
t,672,133,-4695
t,499,730,-7056
t,864,457,590
o,735,891,-2469
o,809,778,8673
t,460,654,-8035
o,981,257,4812
o,310,709,3840
t,186,838,9031
o,629,881,-7466
o,877,531,5822
t,492,703,1998
t,876,492,1295
o,487,266,6864
o,241,281,5643
t,467,876,8145
t,682,502,6637
o,7,201,-8699
o,976,652,-5923
o,29,783,-7759
t,940,377,8307
o,556,773,-8073
t,65,252,-5310
t,813,792,-6814
o,353,88,-8774
t,517,594,-1254
t,375,289,7617
t,288,210,5971
t,236,765,-6528
o,438,742,-5723
t,304,899,4537
o,967,584,-9364
t,962,592,2601
t,866,30,6444
o,120,898,4736
o,598,89,-9431
t,387,581,9293
t,766,475,134
o,423,25,-9383
t,397,547,-8626
o,58,129,-4919
t,978,643,1817
o,37,267,-1965
t,205,265,-6861
t,998,795,6419
t,681,648,8445
t,287,883,6837
t,382,341,-6210
o,731,644,-6998
t,555,420,5467
t,594,245,-2567
o,278,940,-5575
t,908,724,-1463
t,821,736,2801
t,885,828,6464
o,879,613,157
t,131,990,-7805
o,846,309,2561
t,657,642,9295
o,602,630,-7201
t,905,435,5697
o,483,148,3632
t,588,868,1622
o,643,725,6376
o,802,942,-8730
t,591,696,-5528
t,745,117,-4389
t,443,875,4454
t,685,875,3036
o,705,947,-949
o,125,422,3045
t,763,308,-1710
o,469,216,6876
t,50,104,2887
t,633,717,-1369
t,89,838,-9075
t,187,573,1090
t,221,514,5646
t,515,177,-3552
t,279,459,6684
t,448,502,3163
t,545,784,-4782
t,716,892,-2897
t,538,993,-6981
o,231,986,-9687
t,219,781,-78
o,301,477,1085
o,36,326,-3159
o,808,257,-8287
o,730,315,1494
o,436,103,-3886
o,39,657,7457
o,579,453,7788
o,122,149,6169
t,968,802,4920
o,200,304,-2200
o,912,913,5197
t,335,837,6963
t,326,364,8223
o,59,221,6340
o,584,146,-5345
t,920,339,4356
t,779,877,5517
o,644,514,-4403
t,135,759,-9558
t,97,162,6041
o,87,88,2598
o,278,858,8700
o,651,99,220
t,171,344,6611
o,538,61,-2240
o,712,460,25
o,803,385,-8989
o,720,368,-9227
t,400,703,4472
o,436,572,571
o,528,331,524
o,994,404,-7209
t,58,533,5946
t,97,798,-4622
o,891,108,5254
o,463,382,-8821
o,402,804,9243
o,805,190,1556
o,198,307,3134
o,59,724,555
o,359,704,4077
t,358,189,5550
t,144,426,4749
t,406,396,774
o,805,920,2254
t,507,246,-2057
t,915,20,2014
o,748,72,-4920
o,434,246,-9995
o,963,213,-9049
t,350,724,-6940
o,248,610,1183
t,326,350,-3546
o,505,38,-6875
o,547,762,3720
t,436,365,-1291
o,772,119,-9793
t,600,871,7330
t,558,50,-7253
t,752,380,2946
t,929,371,-7394
o,488,212,7526
o,760,422,-8456
o,386,762,9894
t,504,711,-9724
t,47,101,6196
o,927,344,4755
t,219,689,398
o,791,385,-225
t,188,714,9886
o,492,287,5282
o,633,615,-8140
o,644,471,3240
o,924,190,9733
t,173,258,5719
o,110,356,-1513
o,79,989,-488
t,364,461,-6591
o,665,835,-1930
t,724,852,-7654
t,703,589,4636
t,57,250,-409
t,297,380,1320
t,96,621,7559
o,884,369,9474
t,945,917,2298
o,589,928,8915
t,309,94,-4236
o,373,334,-2125
o,236,530,-8756
o,132,148,8489
o,867,156,-2364
t,583,609,-26
t,249,215,9718
o,598,515,-4275
t,938,159,5634
t,164,558,-8793
t,239,525,1934
o,601,936,-8070
o,56,67,8106
t,410,871,-4885
t,24,432,-4322
o,972,75,3155
t,756,994,6841
t,865,896,8885
t,721,766,1373
o,879,276,-9048
o,625,964,-5734
o,882,846,-1364
t,836,768,1950
t,870,522,-7883
o,781,203,-1363
o,207,948,2711
t,937,498,-5890
o,96,777,-6580
t,540,571,8382
t,483,28,-7317
t,249,436,2365
t,626,516,7944
t,861,224,2305
o,109,638,7802
o,615,149,-8102
t,148,867,-14
o,211,123,-905
t,539,690,-6618
t,194,414,4128
t,78,115,-162
o,952,719,5233
o,145,40,-5088
t,878,53,727
t,812,712,-636
o,444,219,2322
t,665,168,7765
o,710,754,-5193
t,431,296,4941
o,203,111,-5581
o,270,97,-989
o,512,50,6114
t,919,468,3236
o,879,78,-8285
t,251,367,-1158
t,475,19,-9683
t,615,492,9739
o,298,545,3055
o,97,212,-9285
t,708,768,170
t,98,986,740
t,187,870,833
o,344,303,-4331
t,564,548,-6499
o,389,863,-3211
t,951,766,-1692
o,822,852,-4203
t,802,464,5262
o,200,26,-6464
o,430,765,-4491
o,915,582,5370
o,698,351,-3653
t,984,47,8378
t,423,791,1666
t,30,129,6722
t,289,706,-3325
o,154,642,-4205
t,552,845,2045
o,742,963,5582
o,947,716,-6530
o,800,626,1228
o,946,609,-8975
t,463,646,4111
t,505,595,-2397
o,199,769,4654
t,512,295,-2786
t,624,848,-75
o,462,249,8757
t,316,265,-6712
o,333,488,9718
o,11,941,-1458
t,412,155,9101
t,663,898,9981
t,974,316,3963
o,234,458,-2602
t,91,353,-1985
o,441,200,5659
t,481,360,-9473
t,564,112,5627
o,584,62,-9755
t,653,33,2108
o,692,415,8830
o,586,610,410
o,204,667,2157
t,846,450,-3344
o,861,552,-3450
o,887,626,4240
o,557,159,-1086
o,544,90,4061
o,55,429,1315
t,364,600,-2431
t,241,374,5015
o,969,67,241
o,811,526,5137
o,995,289,866
o,646,855,-4126
t,825,723,-9820
o,887,55,-8691
t,647,219,9445
o,192,454,-909
o,557,143,7740
t,547,59,4997
o,913,18,6312
t,387,20,-1314
t,318,622,1239
t,134,555,2622
o,880,563,-1608
o,515,951,-1170
o,97,665,2236
t,69,49,5778
t,805,495,-7694
o,387,360,3538
o,834,257,9804
o,961,62,7076
o,787,545,9530
t,879,371,5017
t,64,213,-6377
o,780,993,3313
t,248,602,-5789
t,708,974,-6979
o,340,632,6660
t,723,362,5588
o,994,433,2992
o,492,203,-8560
t,608,513,2054
t,526,439,7549
o,298,492,8765
o,673,652,7931
o,567,683,5433
t,699,994,731
o,557,295,-8468
t,938,907,-3966
t,589,603,-4403
o,861,193,3929
o,900,960,-8796
t,359,709,-2006
o,405,939,1914
t,427,468,5137
t,51,148,5013
o,448,770,-5908
o,569,496,7983
t,463,138,-4917
o,998,310,2484
o,447,886,5559
t,849,895,439
t,332,621,5114
t,59,727,-3392
t,117,110,-3034
o,867,754,-3772
t,412,125,-5088
o,419,739,-6222
o,167,319,5046
o,29,516,1459
t,980,931,-6448
o,386,316,-6905
o,30,891,9206
t,897,626,-8755
t,104,20,465
t,224,812,-1918
o,5,710,5428
o,53,961,1765
t,186,996,-9588
o,402,286,2873
o,356,535,1412
t,482,677,7924
o,82,688,5745
o,847,129,-6056
o,957,154,2313
t,337,939,196
o,783,801,-8184
t,348,513,314
t,217,637,-5636
t,92,285,-7967
o,784,535,9398
o,947,857,1165
o,501,438,8794
t,995,289,-653
o,390,89,-4145
t,234,964,-8467
o,299,934,-4636
t,810,116,5091
t,24,188,-760
t,876,305,1825
t,550,149,1138
o,178,159,7701
t,785,198,3746
o,788,648,477
o,68,503,-7213
o,204,103,-2686
t,571,253,-2156
o,870,540,-6944
t,943,95,7876
t,499,477,-7884
o,711,156,-9402
t,119,218,-8169
t,171,256,-6396
o,328,219,-6019
o,474,229,1611
o,923,159,-3911
o,729,988,7028
o,561,47,679
o,612,785,5475
o,215,746,6038
o,322,370,3450
o,162,7,2454
o,792,952,-78
t,702,146,-561
o,567,387,9897
o,956,260,1349
t,399,303,-7306
t,370,604,-1826
o,404,80,-1349
o,990,879,9930
t,126,609,-2835
t,935,649,-6179
t,489,410,-2705
t,418,370,7738
o,347,612,7207
t,834,400,-4835
t,622,661,-7137
t,820,609,-6599
o,231,696,-9862
t,56,930,4190
t,83,569,-5242
o,874,215,9157
t,383,368,-2499
o,523,577,-7150
o,398,101,9858
t,461,807,1440
o,513,180,813
o,662,210,9270
t,76,112,6963
t,957,756,8565
o,652,252,-1609
t,934,610,-7225
t,557,977,304
t,630,198,6851
t,979,86,-5740
t,109,612,3504
o,643,720,6869
o,970,87,-9617
o,509,327,-5975
o,746,456,-6509
o,815,963,-1875
o,226,305,-5037
o,124,134,5021
o,520,805,5545
o,346,789,4995
t,866,184,5345
t,812,300,5315
o,6,627,-4184
t,775,428,-4239
o,503,233,107
t,590,483,8721
t,470,774,7886
t,952,84,-1240
o,551,290,-9070
o,301,784,5847
o,762,809,5226
t,604,729,-235
t,877,485,9327
t,173,410,-3874
o,504,973,-8605
o,736,261,6764
t,868,15,-9185
t,980,137,3701
t,522,810,9501
o,578,843,4747
t,163,479,4025
t,17,391,-5829
o,414,169,5628
t,740,28,6288
t,651,255,9714
t,154,444,-9029
o,148,560,-6792
t,455,458,2322
o,187,743,-3394
t,560,862,-1865
t,534,188,-1121
o,832,882,-8492
o,333,764,-3943
o,594,952,5031
t,193,126,-1235
o,0,895,1901
t,934,53,9322
t,886,192,5120
t,859,662,-1995
o,796,668,209
t,596,851,1340
o,286,356,-1100
o,629,395,-7696
o,554,922,-4827
t,404,906,-5796
o,49,615,-9723
o,612,664,-3064
o,626,355,-6660
o,367,600,-7733
o,701,634,6430
o,544,599,6297
t,358,761,7617
t,424,711,390
t,596,863,1693
o,703,356,-5535
t,761,127,-9044
t,118,680,1623
o,82,785,-6153
t,592,124,-2274
o,619,311,1937
o,655,684,4075
t,53,94,9573
o,879,313,-6597
o,569,545,-5534
t,491,368,1614
t,367,330,8651
t,622,140,2670
t,91,927,992
o,38,985,-7473
o,504,843,7804
o,753,199,6703
t,258,944,3250
o,692,61,8411
o,255,721,3432
t,299,207,-6449
t,709,929,7555
o,510,154,7235
o,942,984,-1061
t,402,988,9091
t,389,697,6317
o,25,262,-7204
o,875,581,2606
t,820,60,599
t,226,379,3340
t,775,105,2122
o,458,52,2544
t,680,459,7693
o,95,362,268
o,621,261,-596
t,661,375,8219
o,641,10,-8609
o,472,188,5874
o,998,890,2680
t,994,10,-5700
o,633,696,5598
t,829,131,-3085
o,655,359,-2135
t,899,705,-5373
t,828,130,7946
t,272,989,-6488
o,982,216,-9671
t,69,858,-7881
t,816,755,-7873
o,139,94,3712
o,780,372,-406
o,64,347,9987
o,369,193,1251
o,983,362,3473
o,880,885,-9286
t,562,970,-9472
o,355,474,475
o,151,33,-9239
o,809,121,8300
o,522,874,-3820
t,737,427,-9993
t,635,278,-7960
t,193,587,-9460
o,535,6,6124
t,588,212,-2290
o,177,442,-6962
o,564,914,4960
t,60,782,8180
t,259,320,-1915
t,976,326,1567
o,127,356,-9127
t,374,120,-8681
o,174,242,6951
o,171,471,-7789
o,383,900,-403
o,29,33,-1204
o,527,261,-6222
t,948,161,1108
t,138,350,1282
t,94,298,-1345
t,724,839,4934
t,180,494,-2903
t,364,834,-9283
o,988,446,2296
t,377,521,6288
o,615,550,-4267
o,857,636,-3467
o,584,745,-2663
o,589,708,2297
o,318,940,5496
o,77,411,192
o,71,584,-1929
o,777,76,-2431
o,373,708,7407
t,613,649,4359
t,164,946,5261
t,253,37,1787
t,473,985,9046
o,92,647,-192
o,621,572,-6081
t,609,829,4187
t,440,198,-2292
o,117,47,1194
t,452,264,6507
t,700,891,1357
t,811,15,-3438
o,161,243,3807
t,864,369,-4235
t,795,461,9887
o,583,238,-4531
o,617,590,-2182
t,948,677,2769
o,835,161,-5435
t,551,54,-6748
t,55,445,7312
t,824,936,-620
t,107,347,-6496
t,90,489,-4677
o,665,762,9487
t,652,474,-721
t,610,548,-9328
t,584,161,7310
t,679,588,6321
o,710,959,-7520
o,643,861,3740
o,682,545,2989
o,476,750,-2057
o,548,608,-6497
t,90,305,-6228
t,437,756,327
t,777,621,261
t,745,502,3554
o,466,336,-2081
o,117,899,-198
t,911,380,8647
t,64,322,-2926
t,691,346,1426
t,936,63,9946
t,633,694,4218
o,356,771,2064
o,355,191,2767
t,51,416,-282
o,860,536,-7807
t,158,238,-2241
o,547,823,-8271
t,339,145,4304
o,849,254,-3044
t,456,743,-3722
o,932,17,-2845
t,987,589,-3767
o,909,31,4960
o,260,47,9868
o,145,835,-8151
t,114,765,-8387
o,881,62,3068
o,187,208,-3992
o,361,351,-3150
t,790,280,-8011
o,738,809,-3966
t,761,569,2042
o,994,689,-8513
o,510,105,9437
o,257,736,5170
o,55,926,-6160
o,847,106,-2826
o,254,862,-1790
o,790,233,-6250
t,103,370,-5202
t,914,820,-8717
o,541,378,5155
t,753,42,-6685
o,348,449,7511
t,693,284,-8825
t,320,798,7758
o,473,844,-7237
t,453,47,6116
t,971,494,-8196
o,377,633,4645
o,354,425,-315
o,60,332,-8897
t,811,548,3002
t,548,365,-9401
o,854,547,-5183
o,397,241,6910
t,20,256,-5374
o,253,307,-1001
o,367,679,-3019
t,158,897,-7297
o,771,325,3652
o,166,543,1316
t,189,481,1172
o,987,458,-42
t,839,996,-3857
t,529,252,5405
o,732,717,3702
t,512,792,-1779
t,442,704,815
o,865,705,-5151
o,294,806,6894
t,184,972,2941
t,804,665,5127
t,17,792,-3322
o,492,186,7291
t,173,74,461
o,837,165,-2527
t,250,650,4027
o,154,470,-9824
t,561,274,2984
o,25,384,-1305
t,859,194,7984
t,520,877,-8549
t,230,444,-6482
o,627,414,3773
t,463,816,-7603
t,594,163,3578
o,377,789,5921
t,469,173,-5540
t,203,805,8200
o,500,140,-4200
t,273,236,9772
o,480,201,-8698
o,246,733,-720
o,992,647,2080
t,271,642,6657
o,385,886,1635
t,991,518,-3748
o,713,30,-5552
o,330,402,-6362
o,552,285,7394
o,347,182,4551
t,252,397,8807
o,30,972,-1259
t,417,50,-2068
t,512,346,-9136
o,409,677,-7536
o,978,575,8559
t,346,391,577
t,284,953,-2746
o,575,184,8774
t,849,545,396
o,641,874,-984
o,533,329,-780
t,918,396,-9067
o,535,852,3338
o,585,368,2965
t,185,43,-2115
o,408,406,3263
t,403,411,6269
t,246,205,-3430
o,714,554,-6946
t,150,562,-3212
t,337,703,-7143
t,895,316,3518
t,792,259,3483
t,428,724,-3063
o,592,405,5345
o,99,824,-119
o,399,180,7218
t,712,243,3744
t,198,6,-1295
t,297,461,-5160
t,213,720,-9812
t,293,832,-7997
t,837,407,1764
o,79,759,-9716
t,286,101,7317
t,397,900,-8213
o,614,563,-187
o,428,147,-7041
t,353,215,4745
o,739,282,2055
t,283,386,-23
t,31,134,-5036
o,985,955,-4312
t,687,45,-8884
o,912,888,7967
t,316,885,1263
o,666,30,-8907
t,205,331,-9197
o,77,930,7624
o,608,479,-1016
t,242,814,-3632
o,731,992,-7368
o,873,56,41
t,794,188,8945
t,650,946,-5548
o,588,947,-3739
t,532,298,-9708
t,465,428,374
t,909,797,3710
o,424,878,4133
o,971,584,-9828
o,648,166,-4473
o,823,657,-349
o,721,263,2903
o,455,839,-4971
o,264,938,1495
t,750,851,-8846
t,554,639,8018
t,842,207,4473
o,768,850,3544
o,848,403,4498
t,38,304,-9310
o,960,687,-1258
t,768,490,6233
o,478,898,-2893
o,871,169,1870
t,716,784,-6125
o,376,490,-2479
o,805,728,5490
o,493,953,5340
t,314,714,-682
t,267,440,7108
o,569,448,6645
o,953,448,4315
t,296,532,1334
t,957,687,5331
o,521,896,2069
o,795,495,-3957
o,816,645,3865
o,460,278,-2751
o,355,824,5459
t,41,575,-822
o,517,983,-2346
t,595,304,-7627
t,817,633,-3119
t,611,300,5724
o,170,526,-7185
o,459,646,-6848
t,138,665,8500
o,993,206,6918
t,608,3,9
t,508,928,-1268
o,176,177,-978
o,811,129,-1635
t,96,744,-9286
t,648,278,-4296
t,166,908,8595
o,678,131,-3697
t,829,456,-837
o,124,373,8102
t,810,960,9919
o,5,255,-1240
t,655,325,683
o,72,634,7136
t,147,294,-6624
o,335,512,-7144
o,344,65,9283
o,882,242,-4678
t,482,960,-1223
o,485,935,5019
o,66,213,-4729
o,457,52,61
t,641,958,-5815
o,665,908,1435
o,266,69,-5703
o,258,836,-7490
o,457,643,2468
o,4,503,6505
o,428,811,-1807
t,419,8,-3090
o,785,821,6696
t,534,973,-2268
t,90,366,2427
t,637,5,6875
o,734,340,5598
t,529,880,472
t,220,52,-1839
o,144,745,-6265
o,185,707,-5907
o,473,703,-2703
t,503,226,778
t,85,864,-988
o,712,810,5489
o,491,760,5405
t,690,89,5005
o,850,128,-8266
t,403,891,-8210
o,184,425,1193
o,303,308,7301
t,116,895,9912
t,362,306,-4028
t,565,266,-1286
t,559,614,265
o,478,146,-2225
o,137,766,4111
o,14,620,-1130
t,524,733,-8642
t,446,387,2918
o,83,352,-3561
o,555,500,-9681
o,935,649,7757
t,592,853,9636
o,472,891,7464
t,612,410,4077
o,32,323,-1551
o,935,998,732
t,764,247,-7935
t,829,171,-8694
t,937,907,-5887
t,886,1,-635
t,4,379,5061
o,382,818,5666
o,373,446,3182
t,885,834,-7448
t,66,489,7032
t,681,608,7081
o,240,72,-6344
o,877,168,6977
t,27,329,-5341
o,92,113,-3402
t,62,857,4373
o,907,514,499
o,532,350,-6532
t,158,520,-748
t,666,577,-7230
t,981,948,-4136
t,548,73,1221
o,391,843,5199
t,960,423,-9726
o,836,525,-9807
t,52,693,5121
o,287,82,6976
t,277,295,7057
o,910,372,6882
o,939,244,-4109
o,686,991,9958
o,848,906,-8090
t,621,763,8981
o,443,781,-6689
t,19,111,9416
o,960,921,-2647
t,855,249,1952
o,388,889,-7357
o,788,904,6627
t,882,845,6481
o,58,137,-2680
t,938,38,2371
t,728,159,-9496
t,984,331,-789
o,653,555,2377
t,628,999,9987
t,556,432,6195
o,234,316,-7761
o,717,399,4908
t,853,798,2068
t,594,597,-7360
t,915,343,577
o,487,393,5685
t,180,528,1296
t,519,877,6645
o,951,758,9881
o,447,338,-302
t,42,543,-3950
o,807,793,-8128
o,237,995,-5503
o,754,798,-9744
o,96,476,-7213
t,705,37,7966
t,570,801,327
o,519,72,2755
t,188,295,3658
t,582,33,-4553
t,267,92,8958
o,218,134,8188
o,549,120,6858
t,945,357,4065
t,572,652,-2193
o,382,906,8620
t,498,504,-9618
o,58,643,-7209
o,602,221,-4665
o,122,292,4876
o,72,149,-6869
o,965,911,2791
t,426,527,-5266
t,284,700,-8581
o,196,813,-1876
t,141,149,-1581
t,973,746,2372
t,17,823,-9328
t,397,64,129
o,354,341,2401
t,998,475,-4703
t,930,28,4767
t,922,718,5100
t,711,318,6912
t,841,930,7484
o,641,707,-7978
t,232,287,-6534
t,921,263,4598
t,268,608,257
t,49,564,-3990
t,254,767,6688
o,539,723,-9820
t,949,168,7947
t,409,911,-5058
o,113,63,5789
t,850,194,382
o,449,858,8568
t,826,797,-1825
o,498,375,-3619
o,77,945,7697
o,469,63,8474
o,16,476,6109
o,319,458,1137
o,828,507,-5434
o,710,193,4734
t,854,266,-4569
t,565,793,2152
o,451,742,-6287
t,173,433,872
t,52,290,-122
o,645,529,-2546
t,860,729,8003
t,88,714,-2441
o,240,305,8261
o,241,157,-5265
o,897,756,-1501
t,998,477,1283
t,397,918,2420
o,372,813,7074
o,210,813,-4064
o,203,876,3564
t,510,387,-235
o,273,477,-9864
t,270,640,-7146
o,324,742,-6178
o,576,519,-7118
o,647,893,-5952
t,87,860,6791
o,662,298,6964
o,744,297,2561
t,687,191,6716
t,101,685,-4640
o,785,660,-2578
t,16,445,7609
t,122,3,2758
t,761,952,-1397
t,589,513,-7183
t,84,103,7653
o,941,654,5902
t,265,597,5469
t,960,406,-9075
o,333,362,-8473
o,217,938,-5466
o,294,596,7479
t,436,124,4896
t,323,324,6339
o,386,314,44
t,484,658,-2714
t,683,146,-167
o,483,915,1741
o,18,441,-6829
o,525,795,7793
o,908,318,-2849
t,472,35,-2814
o,912,578,217
t,206,747,-5329
t,101,731,3559
o,213,783,-8404
t,819,600,-7011
o,785,984,-1460
t,978,18,-7828
t,98,459,1325
o,920,305,-7644
o,352,379,-5654
o,7,944,152
o,58,223,-8419
t,35,916,-7925
o,494,86,-3826
t,177,618,9017
o,381,985,2702
o,891,587,1289
o,755,330,2222
t,141,808,-4635
t,403,256,6094
t,474,212,4052
t,820,706,2283
t,427,31,1186
o,267,989,-6470
o,404,883,5292
o,820,469,6543
t,391,196,-6860
o,731,105,3076
o,439,65,8917
o,561,744,5675
t,171,358,7385
o,447,97,-1000
t,565,893,2390
o,857,14,-1082
t,832,857,-6871
o,233,936,-1516
t,581,737,2170
t,400,423,7635
t,699,698,-4235
t,216,974,3570
o,643,960,6016
o,597,504,2483
t,301,669,-2823
t,463,163,-3846
o,698,525,3913
o,772,334,69
t,741,116,6642
t,594,732,-4570
t,21,315,1703
o,828,892,-6294
o,968,506,-116
o,772,944,-613
t,277,856,-3154
o,935,122,6183
o,787,793,-812
o,621,744,-9867
t,234,93,4924
t,571,133,3162
o,166,460,-5619
t,0,219,1870
o,602,169,-3801
o,528,469,6888
t,640,448,6502
t,227,429,1505
o,880,727,-3761
t,885,306,-4947
o,728,446,-7431
o,457,583,149
t,459,763,-9024
t,704,423,9773
t,251,518,8383
t,184,691,-2414
o,408,65,7571
o,752,324,8458
o,44,600,6900
o,407,153,7432
o,367,791,9275
o,468,578,2020
o,795,469,-404
t,713,962,-9251
o,86,470,5959
t,637,232,-2383
t,398,485,-6743
t,765,147,884
t,738,881,-5117
t,976,605,910
t,940,678,-9514
t,578,545,2548
t,125,264,2781
t,593,311,7882
t,969,543,3636
t,292,334,3830
o,843,110,9305
o,34,776,2586
t,519,370,-3870
t,661,747,-7627
t,132,660,3965
o,367,301,-2640
o,16,889,-8607
t,570,542,-2404
t,232,113,-9784
t,526,129,2875
t,77,457,-9922
o,259,447,4478
t,865,482,-5705
o,227,874,-1947
t,735,392,573
o,495,594,-5401
t,574,869,-1833
t,935,513,3281
o,485,106,-9213
t,152,131,-5913
o,563,275,-1611
t,943,291,-2718
t,633,646,3087
t,572,580,-1447
t,847,295,1524
t,389,358,2931
t,472,843,-1550
t,111,344,9431
t,389,481,-3977
t,85,653,-3338
o,708,236,4148
t,277,189,8336
o,877,26,-8506
t,158,830,2483
t,74,721,-9053
t,139,753,-3165
t,794,548,3050
t,516,462,-7367
t,362,971,2718
t,886,530,-1312
t,41,204,1679
o,934,391,-8450
t,1,18,4086
o,959,338,5701
t,981,9,25
t,109,316,5779
t,817,700,-1563
o,413,251,6379
o,707,969,-9623
o,1,263,4620
o,209,601,4959
o,696,202,-2380
o,983,718,3073
o,650,260,736
t,788,704,-9289
t,610,470,-2321
t,540,212,-6633
o,875,432,-3112
o,74,162,-839
t,907,965,8426
o,57,45,-1811
t,33,954,-9478
o,539,456,-1707
t,141,836,-8469
o,78,561,8778
o,74,397,9786
o,719,464,-5852
o,53,920,5805
o,336,845,-2269
o,357,324,1824
o,772,360,-9316
o,214,156,-3184
o,273,516,1693
o,841,52,5843
o,699,350,8234
t,275,579,-7385
t,394,832,7064
o,806,941,-908
o,33,375,-84
o,179,74,-3621
t,847,854,3828
t,593,165,3709
t,622,761,-7096
t,826,675,4861
o,401,536,-7436
t,510,867,1142
o,624,633,4921
o,93,332,-8744
o,109,872,-2068
o,102,596,1375
t,847,274,9886
o,222,226,-356
o,94,713,-8836
o,342,743,5491
t,509,516,-3726
t,864,851,2216
o,150,936,-5325
o,802,755,5385
o,167,588,-8564
o,774,540,-3027
o,564,361,-5919
t,604,380,-1077
o,457,22,9820
o,450,262,-8933
t,714,301,723
t,697,770,9969
o,382,261,4696
o,288,178,-6951
t,349,476,-6010
o,652,629,-8542
t,117,251,1997
o,396,753,5424
t,744,114,-2750
o,805,78,-285
t,917,750,-7256
o,632,170,385
t,427,101,-4244
o,428,204,-6604
o,966,76,9767
t,487,806,2312
o,509,132,2827
t,698,232,-8288
t,317,748,6113
o,169,65,7085
t,565,304,4812
t,502,375,6599
o,707,150,4017
o,852,785,-2433
o,772,699,-1556
o,555,518,-638
t,520,256,-1740
t,184,581,-3487
o,481,507,1791
t,90,576,5850
o,422,217,-8400
t,210,646,644
o,609,982,775
t,818,701,-2101
o,371,93,7394
o,531,873,5113
o,305,961,9866
t,860,832,4522
t,633,712,-1129
o,814,699,-7232
t,747,839,-5165
o,158,614,9597
o,812,625,9234
t,109,100,9670
t,630,21,1446
t,942,941,-4536
o,558,675,9881
t,122,175,2801
t,198,442,5965
o,657,117,-6005
t,822,637,-3122
t,535,862,2874
t,195,153,-449
o,145,748,6452
o,138,562,1742
t,755,908,-5689
t,1,90,9721
t,613,921,-5193
t,876,142,-8271
t,765,751,3388
t,701,492,4452
t,779,424,508
t,63,555,868
o,310,962,-6442
o,37,354,7333
t,533,431,8224
t,359,397,5978
o,916,290,953
t,435,26,-613
o,597,794,3651
t,574,484,-1186
t,525,849,3802
t,879,992,4959
o,263,191,-1903
o,791,521,4005
o,572,705,-7265
t,343,536,-7116
o,632,288,-3264
o,638,924,2513
t,135,622,3731
t,378,338,3287
t,713,406,6321
t,372,819,-287
t,66,903,445
t,963,140,5466
t,828,952,1250
o,86,147,9022
o,301,409,5619
o,956,259,-7306
t,5,705,-2582
t,905,869,2162
t,940,296,1002
t,685,699,-9883
o,56,692,1115
o,64,783,2260
t,553,14,-8495
t,870,344,-7141
o,676,464,-6582
t,190,874,9202
o,902,348,-5976
o,19,619,-2196
t,939,228,7892
o,831,698,-8443
t,303,493,-8544
t,12,680,-5910
o,598,503,8283
t,519,846,1847
t,241,930,-1366
t,615,778,-5812
t,610,689,8575
t,434,479,3734
t,519,711,-5933
o,597,643,-2430
o,6,729,8167
o,284,99,-4123
t,443,333,7751
t,130,740,-2951
o,536,851,-7324
o,664,823,9796
t,335,901,7264
t,902,534,-638
t,82,638,2663
o,449,252,9862
t,84,816,-6993
o,796,702,-2656
t,292,676,-6292
t,452,411,2466
t,465,164,8484
t,456,590,218
t,169,642,4196
o,703,848,-8494
o,34,223,3522
t,173,2,3440
t,917,711,632
t,120,428,9463
t,814,172,-4592
t,36,63,-3076
t,874,109,3674
o,441,893,5285
o,139,776,4226
o,735,332,2677
o,910,751,-8671
t,864,597,203
o,325,245,5934
o,325,25,-7932
t,500,604,-1646
t,22,119,-8672
t,921,194,-3782
o,192,442,8008
t,475,127,-8014
o,764,332,-5830
o,335,780,3789
t,695,940,-2275
t,503,672,-5408
o,436,709,-4659
o,177,360,9312
t,791,194,-6810
t,296,347,-7663
o,485,964,-2336
t,91,394,6493
t,956,125,3893
o,719,145,6016
o,91,558,7835
o,5,350,6554
t,26,843,3152
o,283,831,-9681
t,463,523,-5266
o,107,887,-3740
o,286,130,-2889
t,214,930,-1838
o,648,596,8152
t,176,147,-5416
o,117,333,6838
o,819,91,681
t,171,903,5861
t,899,994,-8048
o,889,913,-8592
t,506,943,3941
o,237,792,6394
t,92,524,9055
t,866,228,2951
t,644,695,-9122
o,466,821,8499
t,707,529,-1623
t,232,486,-912
o,428,614,2455
o,281,65,8062
t,100,520,6757
o,662,778,-513
t,191,482,-8015
o,166,201,-9906
t,748,623,-8949
o,290,440,8322
o,545,86,4765
o,490,831,-9527
o,967,510,-5858
o,729,215,-3230
t,180,16,-2939
o,863,995,4099
t,515,249,5628
o,107,562,-1924
t,605,968,4040
t,507,782,2265
t,649,212,2980
t,518,713,-6424
o,735,77,9831
o,943,670,7099
t,197,495,-1596
o,371,439,7138
o,909,489,7006
t,783,420,5721
t,855,819,-3585
o,835,757,-8137
o,219,551,-3803
o,358,3,1714
o,293,745,-3754
o,158,591,1301
o,833,838,-9619
t,392,513,5431
o,221,984,636
t,538,47,-1699
o,622,128,1791
o,67,179,8582
o,971,778,8203
o,998,82,-3684
t,657,746,8641
o,755,665,-4684
t,33,347,6768
o,166,188,3298
t,987,367,3291
t,568,796,5153
t,496,616,-552
t,447,782,7037
t,223,951,867
t,91,849,7659
t,930,296,-6557
o,459,272,2661
o,130,289,7737
t,369,909,-8872
t,144,820,-437
t,257,890,6466
o,916,85,4469
t,562,188,4170
o,345,163,-3961
o,25,132,-2443
o,272,663,-2449
t,363,269,8164
t,529,183,-9624
t,507,191,5287
o,689,978,52
t,268,317,2488
o,26,953,5606
o,916,332,8939
t,393,432,-7397
t,450,970,4132
t,132,88,-6990
t,71,7,4027
t,832,300,339
o,926,156,2902
o,296,124,6983
o,863,709,4546
t,757,128,2282
t,546,242,6559
o,369,337,-7079
t,281,640,-5773
o,900,366,7765
t,8,282,-2291
t,236,144,-7521
o,765,107,-1286
o,630,573,-815
t,790,789,-7848
t,553,579,-9408
o,252,591,-6223
t,631,115,5324
o,134,205,4340
t,651,714,1762
o,982,763,8646
t,815,302,6249
o,94,435,8498
o,411,377,534
t,352,718,-4069
t,105,273,9436
t,17,985,6371
o,937,976,-6455
o,640,828,-8858
t,210,239,-969
t,161,278,-4310
t,900,508,9009
t,817,109,-5863
t,986,377,5728
t,820,181,-7199
o,358,985,-5984
o,110,941,9426
t,235,617,702
o,521,136,9897
o,440,806,-7501
t,374,875,-8161
t,67,561,3219
t,887,813,-3965
o,142,654,2666
t,563,142,4313
o,348,347,9094
t,286,508,1949
t,232,137,-8489
o,751,468,-4191
o,476,986,7618
t,256,708,4396
o,456,243,7404
t,423,495,1038
t,776,309,-8217
o,453,965,-5530
t,135,725,-2780
t,460,605,3690
t,428,110,-3305
t,852,680,9381
o,575,540,-3766
o,28,973,3664
o,59,902,186
t,587,619,-2969
t,208,658,-3510
o,686,872,8544
t,774,586,-6341
o,469,647,5588
o,701,509,-7961
o,232,751,-68
o,995,377,-2971
t,976,371,1288
t,727,79,4436
o,426,464,-8548
t,988,35,-7027
o,917,593,1372
o,894,361,-8318
t,5,838,3061
t,19,106,8997
o,345,395,350
t,443,400,9124
o,245,719,-7264
t,466,502,-8327
t,873,605,2698
t,76,338,-8084
o,611,508,-9432
t,668,535,4057
o,289,384,2204
t,989,544,-3706
t,495,511,3376
o,262,877,279
o,139,106,1349
t,745,912,3663
t,60,786,2291
t,349,518,-9024
o,198,762,-8878
o,520,224,-8254
t,800,114,9822
o,442,446,1125
o,962,108,-8645
o,319,812,-977
o,147,940,3126
o,572,741,-3685
t,755,849,-2009
t,220,521,1443
t,696,725,2593
t,297,420,2210
t,378,721,9860
t,697,550,-9387
t,355,106,3507
t,640,860,2201
o,944,596,-4986
t,627,29,2019
o,592,516,-6482
t,797,468,6116
o,160,792,-2283
o,279,781,-4645
t,513,901,3027
o,538,272,-2911
o,289,227,9733
o,151,925,-4845
t,413,186,1583
t,303,616,4600
o,11,915,5384
t,702,974,-1079
t,173,843,5195
o,27,676,272
t,415,435,-7628
o,643,9,-9708
o,44,72,-4289
t,924,539,-7102
t,171,818,261
t,911,481,-6874
o,230,291,-3685
o,294,91,9649
t,481,22,7561
o,660,754,-9839
t,788,856,-4096
t,163,770,1602
t,166,833,-3645
t,533,308,-924
t,283,655,2517
o,970,657,71
t,4,907,-1655
t,795,87,-8546
t,726,928,6439
t,895,178,8474
t,193,603,-469
o,131,297,936
o,206,906,-8562
t,387,160,2789
t,882,780,168
t,184,454,9206
t,454,421,9604
o,839,623,-3202
o,816,549,-4737
o,417,753,-6802
t,577,971,7121
o,207,539,-2963
t,705,723,8767
o,917,150,1539
o,872,79,869
o,808,597,9603
o,957,349,-499
o,61,561,8449
o,320,634,-5342
t,912,934,8054
o,794,866,6239
o,240,748,5272
o,40,982,-3408
t,295,653,7957
o,116,261,7961
t,564,172,109
o,269,641,7833
t,856,943,9631
t,129,926,5966
o,95,763,-7580
t,669,244,-9142
o,218,434,1981
t,774,393,6698
t,482,340,1193
t,912,952,1100
o,493,206,-164
o,605,862,-8121
o,184,850,2867
t,612,262,5019
o,971,901,-5437
o,812,988,-2119
t,708,734,6041
t,682,725,3554
t,388,20,112
o,852,126,8895
t,106,726,352
o,426,35,-8879
t,987,858,-3830
o,103,371,1970
t,74,60,3132
o,341,430,-5744
o,9,999,9263
t,543,764,1813
o,30,94,5963
t,737,258,9922
o,175,405,2097
o,164,279,9177
t,455,648,-9641
t,327,480,309
o,582,490,309
o,726,580,7191
t,779,163,4513
t,322,34,2960
o,787,852,8491
t,592,362,-2364
t,693,105,5788
t,534,392,-1764
t,909,783,688
t,382,993,493
o,325,277,6985
o,824,209,-7233
t,231,809,-2009
t,669,388,5441
o,307,178,-7434
o,2,369,-8906
o,383,717,-677
t,373,593,8103
o,130,12,-8986
t,366,910,422
t,120,436,-3396
o,153,44,8160
t,917,307,8497
o,882,780,-5626
o,843,849,-1275
t,786,467,-9478
t,729,800,376
t,442,102,5350
t,973,531,7327
t,976,717,-546
t,336,138,411
o,434,742,-3392
t,806,852,-1624
o,706,872,-3749
o,278,759,5378
t,798,509,-3806
o,40,200,8985
t,776,105,4730
t,652,983,3116
t,527,456,3915
t,510,982,8199
t,489,984,-2643
t,90,456,5226
o,824,85,3042
t,941,845,8073
t,420,182,-6182
o,379,139,8028
t,818,104,3318
o,154,995,652
t,920,484,-3257
o,629,933,-1624
t,769,235,3888
o,530,150,3107
t,959,471,-7426
t,404,451,-973
t,974,562,5208
t,752,450,-7125
t,609,957,2455
t,717,649,-1343
o,527,614,-5784
o,440,763,-7822
o,733,877,9301
o,104,89,-8433
o,967,797,-5361
t,458,879,-9869
o,893,908,-3373
o,964,725,7465
t,268,164,1689
o,854,345,1359
o,454,458,4463
o,120,320,-8148
t,549,378,-8475
t,629,723,4421
t,990,544,-157
o,272,942,7096
t,486,247,1208
t,574,255,-8040
o,622,879,-8536
o,431,957,232
o,2,234,-2845
o,731,507,-6801
o,690,450,-242
o,108,583,2632
t,0,605,8437
o,323,905,8346
t,176,751,-6494
o,490,85,-3694
t,504,405,-4227
o,632,593,7098
t,586,374,-4551
t,91,36,3955
o,283,929,-3668
t,707,58,-2505
o,546,586,-9673
o,857,812,3164
o,635,642,1125
o,658,596,-6123
o,127,340,7810
t,705,558,459
o,436,67,2395
t,44,582,-3090
o,128,589,-4213
t,315,488,1197
t,772,810,8308
t,237,169,-1426
t,165,537,7025
o,628,593,-2869
o,742,581,2664
o,3,653,4737
o,458,886,-5589
t,11,718,8645
t,233,467,-773
o,978,279,6690
o,927,717,-9956
o,778,393,2727
t,940,644,6091
t,92,548,-726
o,562,515,9602
t,380,439,-3126
o,739,854,-1436
t,806,10,5379
t,234,90,-9596
o,671,589,5732
t,327,287,-6019
t,466,516,3107
t,341,192,4814
o,260,120,3362
o,880,462,1797
t,259,861,8075
o,61,926,-828
t,300,516,2614
t,305,129,402
t,385,888,-5862
o,112,776,-9231
t,363,694,5249
t,494,424,3035
o,967,814,-241
t,744,316,-8601
t,202,305,942
o,555,123,5547
o,292,712,1533
t,830,971,9632
o,674,805,-2105
t,299,748,-8218
o,176,518,3608
t,916,978,-2549
o,276,858,-2336
o,623,263,1012
t,525,584,3095
t,406,982,-1984
o,564,187,-5029
t,244,974,-1434
o,354,93,-5461
o,94,988,8333
t,512,814,-4450
o,716,711,3203
o,667,952,7816
t,92,898,3876
o,55,814,-3698
t,585,437,-8250
t,97,71,-9764
t,268,953,8851
o,890,603,8926
t,293,563,3946
o,701,826,-8786
t,246,12,3553
t,295,114,2533
t,617,953,-3337
o,522,0,7800
o,233,411,2210
o,792,341,8291
o,965,363,-2953
o,958,460,-5126
t,298,969,8736
t,196,504,-3493
o,730,928,4502
o,347,879,5415
o,904,310,2560
o,658,71,7433
t,695,203,-7692
t,596,527,2256
t,26,164,-539
o,847,813,5744
t,376,82,732
o,499,69,-5165
o,783,645,-7672
t,576,759,1122
t,678,23,655
o,620,583,4388
t,261,201,-5395
t,188,892,9475
t,298,184,-7673
o,262,685,1224
t,739,821,-739
o,15,533,-4378
o,700,157,4701
o,434,569,-2591
t,579,522,-8756
t,290,908,9175
t,91,452,-8821
t,627,940,6705
t,695,384,-2151
o,903,8,8740
t,790,408,-815
o,66,934,-311
o,125,14,-4831
t,481,448,3935
t,58,261,-8880
o,77,278,2525
o,141,452,6829
t,630,933,5806
o,540,201,-7425
t,14,368,-7484
o,703,630,3689
o,210,612,339
t,81,897,1559
t,939,169,-9813
o,234,418,1616
o,646,63,7153
t,133,464,2750
o,618,175,-9639
o,147,906,-8506
t,653,730,4367
t,196,418,6736
o,396,46,-4480
o,671,601,5997
o,996,805,100
t,12,107,-5212
t,212,596,8844
o,774,907,7211
t,895,414,2054
t,105,704,-392
o,933,307,-1858
t,414,769,9780
t,725,133,6930
o,383,544,-4520
t,283,909,5207
o,227,813,-1071
o,386,701,1759
t,980,494,-9237
o,208,748,-4058
o,498,571,-3381
o,188,362,-9116
o,377,373,756
t,552,675,-6814
t,963,393,5854
t,165,734,-9055
t,835,504,157
t,918,89,-9408
t,478,312,-4545
t,104,310,-9245
t,820,749,-7019
o,456,586,2353
t,378,268,-4926
o,446,809,8628
t,378,727,4953
o,694,350,-3495
o,765,368,-7272
o,490,166,-3763
o,594,883,-813
t,461,783,1491
t,329,128,2890
o,434,955,-1525
o,919,390,-8793
o,670,560,2399
o,83,618,3742
t,106,456,-1216
o,913,395,9267
t,617,42,5137
t,965,12,9353
o,352,321,595
o,335,629,7375
o,194,969,545
o,373,101,7631
t,300,741,-3114
o,948,508,-3071
t,131,67,8535
o,51,855,9033
t,16,822,9371
t,664,699,-6298
t,235,398,741
o,833,260,4208
t,220,677,6460
o,306,948,-1288
o,245,365,-3140
o,411,16,1082
t,335,55,3003
t,525,323,4502
o,259,31,-926
t,704,917,-7638
t,644,333,7233
t,93,779,1114
t,399,832,-8523
t,719,771,-5033
t,265,158,415
o,205,562,7484
t,741,695,2541
o,583,549,-921
t,751,820,-2782
t,261,25,3663
o,522,803,-801
o,460,564,8572
t,497,848,4002
t,22,660,-333
t,61,800,-2584
o,414,904,2440
t,488,534,-583
o,881,247,6911
o,513,643,-1945
o,568,710,-2679
t,60,341,-2277
o,376,850,6365
o,129,210,-6225
t,725,668,6691
t,480,48,5178
o,731,458,-5679
o,873,666,8213
o,78,768,6245
t,684,180,2812
t,511,433,6574
o,296,82,-1315
t,284,479,2273
o,609,763,8723
t,354,674,5962
t,360,646,2892
t,373,979,5944
t,722,829,-6358
t,523,805,-5945
o,795,937,4530
o,722,838,3319
o,35,597,-6197
o,272,421,950
t,1,210,7325
t,934,809,-1891
o,85,541,-9539
t,807,997,-2505
t,296,894,-8096
o,158,579,-1519
o,154,716,4751
t,380,189,-9693
t,976,61,-6040
o,239,500,6218
t,80,966,3396
o,211,365,-8408
t,481,928,-2589
o,583,474,-4203
o,433,134,-4864
o,738,315,-2227
t,4,120,-3714
t,122,86,-5401
t,948,781,9848
o,212,953,2191
t,62,761,6874
o,855,290,-816
o,826,553,5767
o,276,817,6467
o,850,122,-548
o,585,445,5993
t,454,447,-4621
o,956,908,6946
o,287,202,-8640
o,6,456,-9648
o,485,223,-7782
o,313,577,-3958
t,811,894,7831
t,788,261,-6112
o,430,21,-8103
t,188,208,2188
t,580,345,7621
o,627,798,5588
o,89,257,-8857
o,505,342,-4660
o,874,71,-147
o,366,298,-6821
o,713,559,-9929
o,190,322,4337
o,878,201,7022
o,859,270,-5402
t,430,342,-8569
o,23,549,5359
o,0,570,-1526
o,869,807,-7787
t,103,754,3239
t,924,343,-4236
o,50,575,1469
t,949,481,8501
o,238,179,9405
o,343,758,3857
t,654,205,-968
t,132,781,9825
t,168,900,5759
t,770,650,-2684
t,561,27,-8069
o,273,141,-833
t,325,570,4353
o,365,650,-5836
o,306,608,1071
t,129,838,3382
o,307,176,132
t,43,160,9943
t,686,84,-9408
o,442,923,2453
t,649,20,4543
t,44,668,-4692
t,6,981,-2504
o,575,429,2537
t,598,688,-6553
o,132,946,54
o,158,132,-4969
o,529,154,-846
o,160,956,3142
t,28,684,-6961
t,53,426,-8972
t,683,389,-7858
t,506,845,-7032
o,125,946,1529
t,405,929,-6416
t,534,52,347
t,258,37,-1885
t,304,757,-8463
t,356,514,2462
t,745,953,-2587
o,716,109,-4993
t,812,758,-7400
o,999,332,-4758
o,741,240,394
o,293,7,-9111
o,822,9,5059
t,688,437,8187
t,112,766,2360
t,933,790,-3451
t,484,667,2124
o,832,193,6320
t,182,284,-377
o,481,602,9762
o,992,526,833
o,721,448,6251
t,752,838,953
o,609,681,4568
o,935,358,9149
o,311,765,-6795
t,234,245,8637
o,693,995,5768
t,698,184,8938
o,708,324,6476
t,527,814,-3618
t,840,313,-4243
t,603,816,-145
t,987,435,-3857
o,582,986,-8671
o,540,852,5723
o,644,335,-6547
t,950,112,-7489
t,265,616,884
o,180,643,7392
t,600,203,-3564
o,548,716,-4301
o,683,16,6697
t,930,305,-3432
o,712,100,4540
o,734,478,-2629
t,238,116,-9635
o,769,82,8733
o,383,767,-783
o,141,716,-2356
o,532,383,7529
t,465,312,-4948
o,141,346,19
t,13,95,7551
o,119,564,4599
t,450,552,774
o,3,281,820
o,434,947,411
o,236,966,-5436
t,331,366,4428
t,804,472,-2402
t,855,827,4584
t,859,140,-2436
t,572,519,-2
o,311,278,2748
t,646,364,-37
t,158,630,1603
t,853,709,6085
o,995,133,4413
t,783,858,-7577
o,5,319,801
t,635,637,-4682
t,798,444,7130
t,484,248,-8359
o,119,819,4730
o,43,46,2814
t,66,955,-6724
o,487,896,4580
o,722,956,4843
t,208,243,3042
o,202,833,-1887
o,366,504,3923
t,5,692,4527
t,49,89,7429
t,400,478,9121
o,669,161,-1282
t,954,592,3549
o,882,74,168
o,699,377,6125
o,616,436,5868
o,84,910,-1668
t,503,768,-6445
o,635,983,6667
t,708,133,-6292
o,496,586,-5562
o,200,856,-7343
o,558,941,-8555
o,198,551,2917
o,930,90,-4522
t,9,338,9285
o,30,105,2773
t,381,72,5514
o,21,552,-1925
o,712,198,7654
o,637,980,1572
t,713,452,6329
o,6,826,6292
t,639,669,-632
o,462,620,-9595
o,537,610,6883
t,350,542,4228
t,285,7,5060
t,896,763,-3192
o,537,486,1424
o,381,995,3273
o,60,757,495
t,838,553,-1650
o,320,241,847
t,316,561,-4253
o,403,505,9937
t,134,600,-1235
o,861,818,2770
o,613,706,2562
t,525,134,9621
o,598,161,-4364
o,714,72,6423
o,750,339,-6159
t,247,717,-8020
o,940,169,-3390
o,589,341,8181
t,92,553,6101
t,346,512,-2693
o,791,452,603
t,761,284,-769
o,174,553,-6746
o,192,664,6836
o,324,307,9310
t,227,596,-7518
t,621,223,-4544
o,733,240,7621
o,362,165,-8321
t,942,86,4022
t,650,776,-9071
t,439,368,-4304
t,944,75,3565
t,937,531,-7402
o,521,70,412
t,840,654,-2452
o,790,920,5786
t,284,711,9432
t,796,190,732
o,688,941,3012
t,293,461,-3534
t,669,438,7309
o,350,564,3853
t,101,594,-913
o,994,118,2285
t,299,191,6749
o,776,385,-2299
o,449,699,-5493
t,259,576,-9319
t,277,841,-1976
t,783,351,-7307
o,706,470,-7194
o,565,481,985
o,680,631,8982
t,883,308,-3820
t,53,924,5131
t,176,245,9412
t,976,441,-4127
o,311,341,7488
t,60,451,-6005
o,103,838,-1347
t,66,267,-2520
t,414,84,7393
o,341,107,2502
o,822,898,-112
t,347,468,8763
t,488,736,1762
o,146,429,422
t,875,806,3280
t,961,657,-6607
t,840,700,3730
t,839,323,4868
o,802,602,-9901
o,552,261,3531
o,828,396,-5295
t,5,696,5719
t,752,481,-4590
o,279,671,1997
o,207,998,5429
t,412,818,-5165
o,707,784,2748
t,947,93,5839
t,175,76,-6327
t,316,656,-6380
t,995,507,-215
t,633,810,-4090
t,633,285,2655
o,187,995,-3678
o,633,360,-9600
o,553,552,7685
t,37,594,5759
o,762,231,-5391
o,471,263,8854
o,266,413,1798
t,467,694,2112
o,271,929,6153
t,824,372,4914
o,514,896,-6070
t,884,496,-2983
o,139,929,6528
o,581,901,3444
o,390,530,-5455
o,547,951,-3080
o,38,532,-3715
o,987,624,-2265
t,415,199,8397
o,257,536,-2387
o,940,335,5457
o,716,841,9187
o,593,511,7765
o,718,503,4475
o,796,174,4470
t,338,483,-9320
t,339,250,-8111
o,53,568,-8161
t,883,887,6673
t,156,688,4813
o,349,291,11
t,551,504,-114
o,465,710,447
o,351,48,9685
t,924,316,-3171
o,870,392,-865
t,291,21,2385
o,62,208,429
t,479,719,7736
o,70,835,-471
t,887,733,-7429
t,571,50,7348
t,469,169,-9715
o,825,839,2793
o,419,43,-1391
o,200,404,1302
t,283,36,8377
o,192,797,-6011
o,679,120,6788
t,66,57,-4490
o,163,980,-872
t,549,714,-3938
t,990,403,8386
t,957,288,-6745
t,356,60,2440
o,150,521,-536
t,226,385,-3018
t,587,924,9002
t,191,772,7671
t,87,433,-3018
t,714,724,-1202
o,776,513,-749
t,567,282,-478
t,154,57,6795
o,765,467,-6021
o,83,52,-2340
o,119,456,7844
o,385,417,-1099
o,817,602,-8619
t,18,782,6167
t,634,47,719
o,787,888,-5535
t,316,149,-3168
o,144,213,5304
t,202,743,-3986
o,258,98,545
o,612,27,8132
o,514,139,-1407
o,147,800,9958
o,285,37,-4511
t,499,138,-5336
o,230,677,-2199
t,345,141,3669
o,765,730,8148
o,593,711,-9031
o,264,108,-4387
t,837,82,-3098
o,664,113,1694
t,748,31,-9953
o,3,190,6880
t,460,415,-1847
o,139,466,6141
t,228,558,-738
o,548,98,9041
t,447,782,-231
o,803,764,5329
o,257,366,-9992
o,661,503,-325
o,163,614,2995
t,69,823,1966
t,608,459,406
t,394,125,-1380
o,871,686,-2102
t,946,970,-1204
t,635,615,-5453
t,985,553,-5861
o,284,449,-7326
t,889,432,6321
o,671,626,-1343
t,508,819,2248
o,597,236,1071
t,184,503,-2127
o,319,803,590
o,670,610,1477
o,105,160,4613
o,827,221,-9840
o,784,869,-9407
t,715,174,-8910
o,457,450,-4298
o,990,774,-1083
t,817,302,3040
t,681,570,-8351
t,898,544,577
t,926,905,-6435
o,242,643,3165
t,577,918,6409
t,71,139,-2390
o,679,90,9744
t,572,92,2886
o,378,359,8628
o,930,210,3598
t,506,495,-5058
o,991,630,-5706
t,238,461,105
t,973,423,-7127
t,682,178,4513
t,476,818,672
o,416,999,-5172
o,220,717,-8973
o,795,25,2770
o,90,535,2774
t,280,129,396
t,438,257,1776
t,880,691,-8377
t,623,712,1334
t,42,28,-5237
o,410,212,2654
t,359,637,8327
o,970,826,-8686
o,706,509,3102
o,438,508,-3198
o,698,339,6580
t,645,231,-8314
t,703,925,5581
t,836,119,9075
t,45,459,4688
t,234,599,-1758
t,720,129,9989
o,887,584,-4710
t,754,617,2566
t,585,945,3574
t,886,19,3155
t,789,961,7557
t,161,469,-3163
o,545,986,7646
o,998,2,3358
t,849,662,-886
o,88,190,1920
o,734,490,4294
o,432,989,3474
o,489,129,521
t,179,463,-5483
t,322,485,-3976
t,658,590,-4117
t,795,23,2168
o,93,771,-4446
o,997,531,4743
o,852,817,-2174
o,703,477,2978
t,165,41,-9727
o,371,171,-9212
o,922,94,-5388
t,817,149,2623
t,94,315,3172
t,209,48,-3849
t,640,895,-5959
o,61,816,4142
t,710,81,-3186
o,497,47,8251
t,591,258,2925
t,495,895,-7478
t,579,827,-2420
t,874,691,3940
o,980,413,8968
o,545,394,-5712
t,197,483,6949
o,388,327,-6227
t,55,868,-2735
o,810,80,-2138
o,174,223,-8179
o,238,185,1868
o,553,18,2218
o,504,82,2087
t,126,517,-7710
t,79,962,-4113
t,941,212,7713
t,702,544,2341
o,51,608,-5469
o,292,840,8547
o,312,657,-2188
o,744,900,-5052
t,979,855,758
o,604,788,455
o,253,976,7153
o,372,951,3462
t,515,902,-9922
t,319,538,-9900
t,412,304,725
o,201,114,50
t,441,345,-2696
o,97,65,-5022
o,776,260,6836
t,557,567,1470
t,85,529,4637
o,62,49,845
o,297,890,-4836
t,258,222,-2054
o,926,563,-5963
o,820,654,-4040
t,362,52,-3269
t,359,607,-517
t,195,759,3796
t,193,451,-8592
t,540,877,7293
o,256,150,-7705
o,156,879,8918
o,416,767,2847
t,252,610,-1427
t,898,385,-5607
t,387,33,4156
t,628,745,-1792
o,909,705,1782
o,277,13,7890
t,218,321,228
t,982,778,2958
t,989,677,9551
t,389,594,-6404
o,335,343,-7562
o,86,458,-4634
o,925,481,1350
o,829,563,-8595
