t,428,322,2496
o,654,21,9958
o,147,688,2282
o,118,351,6212
o,979,35,-9659
t,961,596,-4025
o,721,653,-8699
t,799,887,9682
t,121,242,-76
o,556,480,-9065
t,128,543,1847
o,311,648,-2453
t,903,855,7376
o,174,691,9542
o,715,990,3407
o,355,272,-380
o,535,187,1296
o,685,564,-148
o,955,431,7324
o,243,278,-8650
t,870,151,-337
o,572,43,8780
o,613,804,-4766
t,531,34,3406
o,763,631,-8422
t,196,525,-3506
o,732,898,1900
o,186,773,-1514
o,184,420,-5191
t,856,472,-2986
t,437,662,-6220
t,749,832,6737
t,951,801,5464
o,383,789,-3114
t,798,241,-1746
t,394,425,1923
o,34,361,-1878
o,728,526,8296
t,824,661,5632
o,27,312,-4186
o,788,639,-6704
t,960,9,9812
t,74,584,-4757
o,254,694,-192
t,866,430,533
t,651,326,7770
o,114,329,-8755
t,286,790,-2299
t,302,680,-2802
o,802,373,-5334
t,8,29,7022
o,736,664,360
o,599,534,-9460
o,579,71,-8611
t,751,797,-7406
t,980,446,325
o,377,581,-8836
t,288,118,7686
t,579,52,6604
o,627,728,-4056
o,737,917,6630
t,538,582,696
t,256,523,3541
t,337,557,-9634
o,246,62,1542
o,657,784,-9123
t,932,64,8439
o,583,163,5185
t,31,885,-295
t,387,948,-7133
t,442,496,-3610
t,162,687,-9938
t,126,432,-3036
o,601,289,2532
t,526,22,-7559
t,245,55,-711
t,266,887,-8995
t,866,870,-8737
o,789,600,-4781
t,446,436,4492
t,328,631,5986
o,74,208,8636
o,808,65,-7362
o,479,978,5155
t,498,557,2720
t,282,431,-793
t,116,632,-4743
o,92,190,9915
t,958,443,65
o,101,863,4901
t,502,4,5271
t,91,716,5423
o,418,525,-8817
t,627,949,-7160
t,789,530,3703
t,223,923,4848
o,877,249,7783
o,183,809,-7410
t,843,728,-8457
t,762,637,-658
o,584,743,2661
o,619,243,7242
o,843,755,-1722
o,450,223,7100
t,823,768,2148
o,486,911,-2168
o,160,76,2240
t,606,602,-9292
t,150,170,-6554
o,485,251,-7548
o,943,973,1195
o,114,617,-9372
t,892,190,-6558
t,458,367,-5400
o,896,659,-41
o,750,593,9748
o,911,230,-3511
o,368,93,2314
t,693,913,5529
t,351,956,-6092
o,76,625,-1865
t,353,69,5970
o,460,633,-7563
t,367,689,4447
t,571,365,2001
t,664,341,-1026
t,166,127,8396
o,94,806,1254
o,91,949,4605
o,500,759,-8711
o,756,892,-3049
o,797,520,-1602
t,494,76,8167
o,117,592,-7330
t,604,542,-1337
t,903,861,-6155
t,715,512,2862
t,236,705,-6182
o,722,444,6629
o,387,90,-7507
o,832,131,-2590
t,878,235,9249
o,138,974,-9815
t,430,903,-3269
t,656,877,1422
o,449,952,-9707
o,545,87,916
t,341,325,905
t,550,119,1143
t,20,847,-7805
t,973,146,-8733
t,555,242,7900
o,54,807,-9228
o,598,253,3179
t,152,358,-1276
o,487,192,6578
o,685,818,5313
t,165,865,-2969
o,158,193,9080
t,687,935,-9397
t,109,455,6798
o,827,355,-9136
o,456,240,-7212
t,317,928,9624
o,256,716,-632
t,326,257,6691
t,171,723,-5175
o,278,805,2258
t,955,608,7855
t,213,501,-4854
o,586,481,-7827
t,922,49,4770
o,624,106,3296
o,14,482,-9543
o,806,808,-399
t,361,325,2876
t,881,173,-4746
t,811,745,6849
o,673,513,829
t,715,912,3715
t,106,614,6880
t,902,930,-8301
o,480,465,2338
o,309,213,7727
t,633,53,8105
t,276,840,7034
t,698,554,7914
o,984,237,5740
t,893,457,-6887
o,888,24,3980
t,592,40,7416
o,675,11,1862
t,569,674,1264
o,425,665,-9600
o,810,713,3368
t,554,420,-8627
t,465,35,-4758
o,402,938,7074
o,639,799,8535
o,749,173,3242
t,495,163,5050
t,519,5,7842
o,628,616,2858
o,964,742,3958
t,345,832,-9533
t,703,599,5755
o,701,853,9258
t,139,141,2731
o,519,78,2739
o,409,33,5785
t,65,882,-564
t,49,509,185
o,251,693,2417
o,887,565,-2326
t,223,127,-1516
o,537,294,-6571
t,693,562,-4595
t,864,360,-473
t,364,994,5657
o,450,943,3152
o,870,669,8294
t,103,12,6502
t,104,757,9620
t,806,338,9686
o,406,441,-9049
t,657,850,2836
o,434,374,-1742
o,999,533,9843
t,801,14,7747
o,223,158,-7511
o,404,405,4358
t,613,247,-1266
t,436,789,-5409
o,430,379,3674
o,80,684,4547
o,408,479,-9419
o,581,498,1994
t,692,293,4711
t,25,362,3519
t,152,390,-1525
o,684,347,4860
t,955,378,-6588
t,889,575,-2810
t,168,577,7913
o,983,79,-3318
t,512,523,7622
t,338,746,-8555
t,654,773,5432
o,601,128,-7591
o,904,177,-5226
o,770,763,1592
t,849,663,4799
t,795,942,9452
t,912,574,-1723
t,640,735,-4656
o,327,536,4170
o,881,413,-8423
o,272,446,-6278
t,848,206,8184
o,434,643,1046
t,855,944,9020
t,580,236,-8160
t,180,861,2532
t,592,641,-9580
t,423,757,6048
t,707,840,187
t,915,839,2992
t,841,852,1008
o,125,943,-6246
t,656,801,3882
o,661,833,8335
o,122,640,-733
t,64,886,-6747
t,474,440,8932
o,525,650,-8862
o,560,290,-6813
t,630,704,137
o,74,304,8819
o,113,244,-6607
t,824,342,-3512
t,616,283,-8223
t,939,40,9486
o,44,785,4727
t,276,304,-1516
t,75,153,-15
t,841,878,-8024
o,948,26,5130
t,464,697,9358
t,161,301,-4879
t,809,66,5883
o,605,841,-1648
o,17,454,9914
t,999,593,-9782
o,241,917,8108
t,159,890,3381
t,727,169,9767
o,192,195,6616
t,259,587,3020
o,267,26,4532
t,907,357,-2538
o,48,249,9759
o,348,658,498
o,576,188,-399
t,239,593,-4387
o,334,461,9239
o,855,149,4079
t,747,715,9799
t,353,163,3427
t,975,599,8632
o,378,693,2784
o,816,140,-8490
t,881,739,-497
o,287,234,6554
t,844,971,-5103
o,747,375,-8898
o,176,606,-3800
o,518,513,-4563
t,668,878,-487
t,758,452,-7752
o,878,199,3620
o,792,689,1675
t,815,903,3472
t,931,759,-8288
t,807,69,4658
t,520,845,-8632
o,926,617,-8628
t,251,521,452
o,952,84,5944
t,140,385,-7127
t,356,390,5967
o,563,90,-461
t,776,407,7987
o,515,793,-8532
t,550,219,3182
t,515,232,-97
o,27,933,-683
t,959,104,-7940
o,757,645,8289
o,646,746,4955
o,830,402,-6868
t,585,486,2503
t,675,668,5800
o,829,126,6733
t,939,600,-6529
o,253,903,1345
t,994,398,-1488
t,860,439,-1822
o,611,405,6135
o,837,485,8713
t,847,812,-2730
t,475,516,-9321
o,672,17,2261
t,245,354,-6317
t,768,807,4724
o,917,31,-9483
o,22,617,-1043
t,340,667,-8610
t,780,538,-5709
t,732,679,1843
o,254,389,-4256
o,882,192,-5690
o,381,992,2184
o,610,70,6001
o,589,413,-5093
t,752,690,-4177
o,421,229,686
t,231,131,-7656
o,33,953,-6210
t,405,385,-8986
t,893,937,-3741
t,983,563,-9732
o,413,38,-1566
t,65,760,-7105
t,684,258,-3747
t,530,423,5401
t,999,539,-3959
o,467,704,-86
o,82,461,9509
o,987,368,-6640
t,586,907,6664
t,531,545,7861
o,430,510,-436
t,487,838,6387
o,395,169,735
t,364,197,7878
t,603,388,691
t,945,975,-1817
o,340,221,1269
t,148,458,-900
t,983,839,4376
t,906,870,6754
o,761,44,5215
t,579,58,-8318
o,653,365,-9973
t,343,940,-3324
o,284,456,-764
o,904,140,-586
t,424,312,-1298
t,977,462,-2303
t,956,31,2833
o,24,409,9315
o,21,550,4503
o,706,377,-1947
t,154,917,4818
o,145,784,-1709
o,363,415,-8124
o,7,57,-5554
t,516,106,-1630
o,102,671,7894
t,382,582,8447
o,216,277,865
o,400,575,-408
o,432,634,-6993
o,105,704,-1609
o,52,840,-6830
t,18,417,8158
t,804,496,-1263
o,454,763,4824
t,661,565,5182
o,102,525,-3727
t,292,417,-3123
t,66,425,-7557
t,206,444,-3431
o,155,409,1014
t,502,612,3989
o,94,425,3944
t,736,621,3839
o,994,43,5466
o,182,76,7047
t,828,507,5642
t,661,573,4974
t,404,414,-5446
o,982,206,4125
t,353,331,8597
t,629,379,9942
o,596,244,-5716
t,518,934,7832
o,697,88,8105
o,943,810,4629
t,730,894,-4847
t,482,680,-6256
t,357,882,-874
o,530,254,-6687
t,962,460,5744
o,480,86,-1567
t,793,679,-6416
t,279,694,-7194
t,898,713,286
t,48,179,-2850
t,723,99,4954
t,895,412,-3371
t,627,60,-3237
t,954,597,-5387
t,591,765,-9209
t,427,816,-6345
o,652,804,-5992
t,143,204,-8816
o,645,184,-7245
o,609,7,6737
o,26,815,-7068
o,792,595,-8412
o,225,415,-7405
o,646,921,763
o,623,996,1103
o,543,183,-8966
t,329,264,-7377
o,334,215,-1005
t,734,389,6561
t,360,168,8310
o,232,531,-8493
o,330,923,8610
o,415,34,1869
t,546,517,-4937
t,633,237,-5993
t,641,111,4119
o,689,916,1228
o,754,205,-8522
o,614,784,-360
o,994,623,6849
o,664,98,-7494
t,444,824,1852
t,560,822,-4430
t,774,427,6487
t,549,675,1826
t,169,897,-997
o,707,159,2013
t,97,891,-132
o,954,501,9627
t,777,805,-55
t,393,556,-3383
t,624,132,-9976
t,103,355,-5351
o,253,356,-7696
t,788,136,-4517
o,478,385,3720
t,198,646,5336
o,160,267,5755
o,387,628,1078
t,296,954,-3591
o,281,780,-3232
o,769,913,-645
o,864,643,-463
t,462,874,7776
o,839,785,-243
t,575,160,1036
t,66,671,6575
o,361,858,4707
o,828,955,9718
t,984,68,-3997
t,0,497,8045
o,852,328,9586
o,513,643,418
o,600,785,9215
t,268,790,-3922
o,358,935,6195
t,686,648,5786
t,498,624,-6182
o,146,173,7134
t,697,907,8911
t,408,49,6318
o,149,191,-2344
o,638,92,-7527
o,768,329,-5568
o,913,841,-5002
o,542,384,6799
t,389,617,-1843
o,995,438,8958
o,298,281,-4169
t,66,445,-731
o,678,735,5552
t,559,686,9015
t,592,269,-9045
o,1,956,6056
o,119,307,-4888
t,652,763,6171
t,18,577,-7529
o,784,578,-9175
o,523,682,-6145
o,645,807,5993
t,815,947,8587
t,485,773,-715
t,833,66,-2721
t,35,544,-1134
o,383,985,751
o,152,912,3143
o,130,728,-7380
t,359,22,2691
t,44,551,275
o,906,115,-3835
t,610,618,2837
o,5,143,2036
o,312,733,-4355
o,494,824,7115
o,610,796,772
t,948,425,-1819
t,895,502,-6359
t,505,676,3
o,515,630,6075
o,983,255,301
t,633,307,5015
t,643,56,-3033
o,887,557,-6807
o,777,258,-9091
t,667,648,-3757
t,505,23,5239
o,533,405,-9316
t,469,538,3810
o,602,374,-3984
t,919,936,-8762
o,136,567,-5605
o,643,875,-1096
o,825,280,1519
o,771,342,-8641
o,80,194,3023
t,49,447,4403
t,639,878,3503
t,962,901,4750
o,373,829,-359
t,731,2,296
t,101,519,-630
t,966,844,9017
t,848,558,-9363
o,805,731,-6774
o,336,550,-6287
t,210,670,-2285
t,534,477,-2644
t,348,794,4640
t,580,883,-5554
o,837,424,5772
t,903,755,-2664
t,513,752,7988
o,580,299,-765
t,754,318,-5795
o,199,674,-7134
t,694,824,-2640
o,944,171,3484
t,767,64,5790
o,787,250,2945
o,192,103,-9675
o,89,230,3329
t,409,582,-6102
o,535,639,-7051
t,664,464,-5824
o,524,952,-3855
o,763,59,-8249
o,237,514,4732
t,583,478,5859
t,109,939,6
t,434,521,8421
o,939,758,6703
o,230,793,-8934
t,447,701,-5898
o,164,172,1116
o,30,767,2574
t,837,953,3076
o,300,676,-652
t,527,374,-7405
t,458,243,-7876
o,36,209,-9933
t,274,107,7359
o,491,20,7899
o,987,812,7350
t,793,318,6067
o,12,152,-3373
o,114,626,2750
o,416,983,-6360
o,51,315,3847
o,554,48,-2467
o,220,828,6513
o,224,815,-2697
o,365,849,-909
t,338,31,3601
t,872,880,-4751
o,625,496,-8835
o,871,381,7897
t,541,534,-3774
t,137,726,-1101
t,315,179,-5449
t,966,745,-7284
o,986,391,-1220
o,904,932,-9997
t,184,625,-2008
o,78,485,8194
o,358,76,1685
o,58,294,-7140
o,371,440,-7672
o,80,368,-9278
o,633,939,5530
t,110,720,-5208
t,836,446,-6508
t,395,483,-152
o,392,605,-647
o,454,91,-7407
t,620,722,5369
o,839,834,-1258
t,648,360,1470
t,547,800,7943
o,477,260,4150
o,795,786,-1159
o,945,255,-5833
o,307,748,-6930
t,274,314,2110
t,421,100,14
t,159,307,-5191
o,706,894,241
t,414,353,7448
o,831,200,-8762
o,822,774,3141
o,267,835,-6649
o,366,923,-2655
t,767,24,4228
o,349,699,-6497
o,866,759,4083
o,269,779,9709
o,400,105,5235
t,608,186,8747
t,586,47,4682
o,955,374,3448
o,968,828,5353
o,764,25,5230
t,994,603,6884
t,214,146,1750
t,453,181,-6133
o,88,912,1864
o,327,9,-2062
o,807,93,-9504
o,740,368,7692
o,515,574,4082
t,356,763,3561
t,650,530,5469
t,263,719,9572
o,113,624,-5621
t,552,184,9438
o,103,357,9627
t,805,971,-5181
t,565,965,2504
t,852,904,5949
o,283,332,6995
o,798,210,-70
t,149,521,-9024
o,747,752,2650
t,621,5,5635
t,477,541,-1466
t,163,342,-2510
o,830,541,6704
o,167,288,1564
t,391,832,-1492
t,242,216,4163
t,794,10,-5236
t,188,24,9220
o,273,19,748
o,119,487,5827
t,705,299,-416
t,704,216,8759
t,382,105,-2374
t,38,802,3318
o,470,886,-1448
t,271,61,493
o,460,26,-7066
o,490,62,-4300
o,69,872,1550
t,387,637,-1066
t,864,388,-2346
t,941,575,6721
t,195,270,3414
t,256,215,176
o,147,809,9157
o,521,716,-7186
t,837,330,-2322
t,342,45,7199
o,52,242,4863
o,351,551,-4714
o,151,123,-5860
o,506,277,-6714
o,593,590,9150
o,319,299,8330
t,971,909,-7946
o,784,759,8165
o,509,859,386
t,74,481,3347
o,447,445,-4369
o,314,734,-4416
t,334,608,3615
o,415,211,-2504
t,743,957,933
t,503,237,-1514
o,347,512,-2130
o,660,665,-3914
t,660,130,9960
o,937,516,-9110
t,559,677,5217
o,114,467,3123
t,113,756,9680
o,288,885,1434
o,123,445,-677
o,448,152,4251
t,36,218,-1093
t,430,30,8153
t,746,905,-2252
t,999,209,1431
o,805,942,7778
t,357,283,4896
t,114,976,9539
o,402,26,-1789
t,375,695,-5383
o,886,258,-3256
o,709,390,-9359
t,68,932,-7383
t,348,658,2376
o,592,815,-1440
o,921,556,8238
o,298,577,-1406
o,890,181,-4381
o,531,985,-4183
t,862,564,-5993
o,604,737,5324
o,843,759,-1919
t,455,90,-3987
t,470,291,-7515
o,357,837,3808
t,299,880,-8264
t,837,241,-4575
t,94,311,-2197
o,855,920,210
o,592,569,8034
t,408,525,117
o,15,860,-4705
t,78,201,-8940
t,468,405,1607
o,572,178,-7534
t,934,828,-3045
o,309,165,-9762
o,439,254,-3394
o,642,183,6238
t,381,757,2409
o,491,568,-6213
o,554,829,-3035
o,732,55,8656
t,384,321,8454
t,285,727,9500
t,727,612,6219
t,911,932,376
o,113,800,-9668
o,263,885,5941
t,813,353,-3944
o,592,82,6719
o,109,964,-3775
t,749,2,-7160
t,956,185,-8268
o,16,174,4686
o,92,231,-7046
t,250,860,259
o,106,285,3639
o,546,127,-8389
t,24,373,-6621
t,123,275,269
t,105,412,1303
o,5,41,-6228
t,735,507,-6137
t,539,404,-7533
o,911,767,-3154
o,587,7,1518
t,514,122,9230
o,538,15,8522
t,175,428,-4611
t,157,680,2724
o,548,516,-7360
t,8,254,-3816
t,118,706,3892
o,861,457,-8964
o,893,266,1413
t,29,45,-6105
t,454,957,5462
t,759,360,-8573
o,84,364,-4537
t,584,956,6388
t,95,514,-5468
t,784,515,7941
o,346,746,-3280
t,699,968,-1866
o,169,862,-769
o,583,715,-755
t,732,456,-5030
o,774,17,6108
t,216,453,-1463
o,61,658,-9473
t,537,584,7394
o,996,694,-9236
o,946,253,3235
o,131,55,2750
t,934,715,6078
o,278,950,-7787
t,406,282,-8072
t,710,902,-7326
o,179,929,-2454
t,338,164,-8469
o,934,751,2167
t,169,750,8980
o,81,398,1792
t,242,833,1012
o,747,850,-5295
o,16,202,-5058
o,527,619,-1240
o,25,320,-8892
t,600,419,-5152
t,190,964,1847
t,271,834,-9915
t,857,916,2406
t,863,371,-9416
o,133,754,-1069
o,446,198,-3478
o,973,585,5354
t,689,252,8044
t,682,489,1378
o,651,897,8076
o,587,143,9489
t,892,66,4140
t,24,514,1977
t,233,1,-9808
o,581,179,4526
t,997,170,-5081
t,305,129,8901
t,950,496,9792
o,981,861,3388
o,511,48,1801
t,750,370,9514
o,361,942,9539
t,776,590,-2377
o,900,94,389
t,893,428,-4642
t,648,590,-340
o,239,75,-7064
o,186,882,-6732
o,321,968,7249
o,59,161,5315
o,528,789,835
t,383,822,-3381
o,465,138,6490
o,783,566,1559
t,361,43,1209
o,816,308,264
o,743,837,4979
o,856,982,-5395
t,147,220,5938
t,298,280,-1275
t,819,387,-4037
t,721,150,-4864
t,754,776,-7083
t,381,501,9616
o,48,857,4573
t,351,964,2788
t,202,715,4875
t,168,307,-4940
o,644,47,5839
t,266,920,-8283
o,790,204,8178
t,207,487,4872
t,175,307,9757
o,232,661,-9136
t,484,668,-5706
o,388,563,3559
o,120,754,-3911
t,408,445,8801
o,41,400,-8633
o,598,495,7999
o,243,793,-9353
t,360,846,-2449
o,197,76,3074
t,417,587,6283
o,539,380,2381
o,238,346,-8827
o,715,370,8088
t,862,501,4930
t,772,927,1480
o,673,411,3932
o,598,205,-3684
t,644,361,-9143
o,191,701,2447
o,875,199,-7066
t,459,59,2251
o,948,264,7848
t,877,789,421
t,481,846,-3147
o,357,145,740
o,372,902,-3220
t,721,189,-9125
t,793,388,9755
t,407,205,-759
o,389,604,-2886
o,41,967,-8460
o,14,318,1595
t,403,946,-3581
o,135,695,1481
o,824,793,-661
o,208,103,5787
t,935,210,3465
t,912,744,9896
t,750,761,7447
o,218,288,4592
o,370,819,1906
t,58,108,-9132
o,226,678,1959
o,92,249,-2039
t,430,68,1114
t,336,874,-2576
o,953,351,5064
t,297,737,-5518
t,926,554,-7346
o,224,759,2248
o,678,568,-3611
o,64,425,-5131
o,177,217,6730
o,790,233,3604
t,8,273,66
t,968,608,-6610
o,663,614,-8208
o,113,715,-4104
o,594,968,4462
o,915,406,-1696
o,283,905,5392
t,271,687,-8482
o,850,353,9317
o,679,142,8182
o,801,987,-2058
t,886,566,-4014
t,863,421,-5107
t,522,115,9733
t,813,285,5671
o,102,800,-460
t,670,96,-4942
o,604,124,8901
t,209,340,-3761
o,208,540,-9331
t,537,323,-6992
t,318,807,-4578
t,118,666,-2926
o,824,20,2747
t,864,966,-274
o,198,355,-8419
t,817,465,-4217
t,466,774,7943
o,571,102,-2559
o,697,661,-299
t,279,69,-1492
t,504,992,-5975
t,139,263,-3979
t,436,430,-4856
t,55,179,9457
o,658,191,4538
t,33,264,3893
t,258,627,-9466
t,485,705,3383
t,957,422,-2276
o,967,67,9010
t,436,171,-4270
o,126,540,6821
o,336,199,-7779
o,406,385,-5094
o,279,742,5117
t,213,842,2129
o,307,544,6802
o,827,271,-6212
t,530,823,-1159
o,139,36,9320
t,640,578,-4411
o,481,780,-7987
t,304,862,4633
t,418,127,6313
t,217,579,-4482
o,133,679,-7460
t,734,747,9899
o,888,64,6361
o,28,644,6231
o,432,86,-3191
o,935,558,-5588
t,32,447,-6723
t,468,947,4281
t,644,686,-7900
o,573,21,-7359
t,849,472,-1893
t,315,514,5318
t,135,144,2347
t,83,829,9561
t,160,373,-1512
t,999,618,-6321
o,935,60,1645
t,18,918,8243
t,721,82,-6902
t,487,367,2347
o,778,526,-4606
t,682,259,9848
o,225,351,-1608
t,664,68,9992
t,928,69,4872
t,1,868,5629
o,438,609,7525
t,818,722,-3903
t,249,620,-6651
o,408,742,-353
t,66,814,8445
o,365,106,-6685
o,686,546,3507
o,207,608,-440
t,52,853,8831
t,389,464,2356
t,819,313,3698
o,175,880,-6137
o,549,584,-1466
t,539,40,-752
o,620,359,-2298
o,143,961,565
o,618,348,-6446
t,145,10,6757
o,964,349,6497
o,491,673,-4282
t,390,703,-8005
o,375,637,4161
t,373,172,2957
t,90,918,-681
o,939,966,233
t,792,431,9483
t,753,831,4878
o,484,941,-9196
o,587,880,-5839
o,407,590,7241
o,540,484,1497
o,706,179,-60
o,436,916,5468
o,813,889,-3694
o,221,24,-61
t,550,58,7374
o,622,97,-7435
t,751,57,6335
t,473,57,-1762
t,438,464,-8113
t,207,918,1062
o,353,735,4879
o,217,473,9808
o,262,324,2282
t,297,620,1208
o,887,401,2875
o,542,834,-1879
t,324,168,-276
o,577,406,-7212
o,144,106,-5346
t,717,195,3376
t,53,483,7189
t,660,572,4213
o,26,725,-1418
t,674,11,-7062
t,366,153,-263
o,778,625,-7419
o,745,179,-5515
t,41,541,-9764
t,455,207,7646
t,781,936,4246
o,361,794,9808
t,14,384,551
t,800,5,9661
o,798,42,-1940
t,967,979,3705
o,503,803,1049
o,183,935,8312
o,509,891,4335
t,138,422,-7049
t,475,326,264
t,385,596,625
t,465,755,8904
o,784,486,-5226
o,434,22,-2592
o,509,324,-7936
t,683,130,3479
t,419,531,-8464
o,396,132,-7104
t,170,941,-1756
o,619,146,-9751
o,47,682,-7333
t,550,706,9848
t,962,85,-4009
t,882,797,-1967
t,460,206,-7262
t,342,798,-4972
t,739,354,-2880
o,664,500,6611
o,796,863,-548
t,96,805,-2896
t,699,934,1824
o,123,112,7075
o,972,303,-7559
t,502,99,-3820
t,73,513,-759
t,533,914,-9767
t,750,965,-1900
o,207,553,-9603
t,531,187,-4668
o,728,179,7679
o,556,421,-9185
o,844,110,-9501
t,142,459,-3975
t,442,650,9805
t,104,681,-6369
t,581,63,-3941
t,905,568,9393
t,550,942,9876
o,626,862,-3896
o,277,779,2307
t,951,864,9918
t,560,787,862
o,619,985,2614
o,577,55,9831
o,253,204,897
o,865,11,8614
o,859,699,-1828
t,118,148,48
t,189,374,-1106
t,704,82,-5359
o,175,793,4893
o,288,841,8670
o,692,541,3752
t,811,139,5160
t,761,853,-4704
t,384,729,345
o,364,109,5050
t,276,355,-8591
t,728,712,1941
t,745,108,-3016
t,110,741,6075
t,399,405,4207
t,680,64,8231
o,511,570,7048
t,922,565,716
o,386,337,-4419
o,958,654,5542
t,714,50,-6811
o,577,40,-8147
t,866,846,-7475
o,238,37,-7686
t,840,783,1114
t,766,758,-5100
t,806,177,4524
t,666,950,7796
o,104,295,2015
o,524,649,9924
o,820,168,5978
o,811,724,-7046
t,170,27,6061
t,393,351,-2644
o,610,661,-2456
t,825,960,-9188
o,616,315,-301
o,6,429,8204
o,983,853,1980
t,146,962,9303
o,20,831,7938
t,566,259,-8322
o,662,691,-8544
t,105,43,-5832
t,872,310,-9233
t,114,138,-6772
o,134,596,-4343
o,633,108,-7775
o,24,829,5814
o,545,566,9978
t,45,828,6102
o,941,772,3434
o,329,377,-6208
o,285,988,-3471
o,847,849,6194
o,757,971,-4314
t,457,165,8550
o,557,116,1232
t,629,572,-9175
o,48,122,1199
t,6,950,-9172
t,756,236,-2384
t,582,38,7211
o,301,497,-2713
o,548,741,-3052
o,684,220,-5913
t,811,726,-6882
t,404,674,-2072
o,324,428,3296
t,326,643,-2580
t,307,816,-6286
o,108,369,-2426
t,691,924,260
t,237,530,8356
o,165,633,-3635
o,258,853,4956
o,647,704,-2330
t,784,563,-1535
o,606,314,-8179
o,679,773,-83
t,214,178,-4925
o,275,343,643
o,192,691,2696
t,131,665,6391
t,394,814,6939
t,174,34,9619
o,924,565,-8779
t,186,774,-4889
o,209,363,-2010
t,926,786,9161
o,578,222,-1699
t,73,563,-5784
o,162,423,-4758
t,514,433,9737
o,839,70,7358
o,64,900,7487
t,716,852,9406
t,69,612,2842
o,937,673,-7903
t,438,741,-9973
o,303,358,6355
o,675,880,4675
o,188,558,-5801
t,911,65,7945
t,919,600,4381
o,972,540,-132
t,243,561,-9202
o,417,471,-1469
t,650,507,-3571
o,217,295,-3189
o,845,916,-167
o,275,546,-6781
t,688,104,3703
t,825,153,7994
t,759,176,663
t,926,828,-2394
t,621,516,-590
t,126,683,9042
t,962,586,1476
o,236,526,-7918
t,694,50,5814
t,734,167,-1806
o,304,911,5657
t,420,602,-6073
o,192,726,2856
o,271,972,-4842
o,888,312,8070
o,644,203,567
t,203,33,7771
t,67,218,8760
t,232,28,8490
o,531,502,9977
o,645,475,-9055
t,64,462,5675
t,370,429,-9051
o,304,816,8067
o,967,643,-6782
o,319,123,-5381
o,761,756,1596
o,528,981,-9635
t,389,923,-1133
t,406,614,748
t,47,876,-3578
t,280,65,-6671
t,836,958,1584
t,386,453,1821
o,742,746,-8118
o,656,636,2767
t,795,295,-5913
t,628,84,-8994
o,778,568,7231
o,403,511,-5760
o,889,413,1353
t,423,824,9410
t,622,673,-4267
o,357,816,6739
o,187,359,3516
o,592,662,-627
t,285,591,7965
o,232,88,-4191
o,147,592,8088
t,780,326,-2118
t,479,841,2225
o,931,104,-5097
t,965,197,-1333
t,964,53,-222
o,889,403,-1793
o,370,112,-4863
t,563,627,5138
o,304,643,-6015
o,19,18,4158
o,440,491,2389
t,159,794,6137
t,733,178,5630
t,535,615,369
t,61,984,4916
t,293,401,-375
t,33,323,3334
t,96,37,8630
o,554,227,5301
o,127,52,2730
t,762,393,1451
o,563,791,-7440
o,827,888,8500
o,965,383,7374
o,316,462,-3518
o,148,542,-995
o,360,49,-9910
t,276,67,-3879
t,894,782,-7743
t,828,564,-4845
o,745,559,7372
t,192,734,4848
o,714,74,-9145
o,920,987,-1418
o,462,325,1017
t,755,184,-7718
t,332,376,-4841
o,294,648,2655
o,893,552,7438
t,892,476,-7813
o,557,569,2616
o,711,198,1861
o,190,113,-259
o,334,380,6057
t,832,229,-8179
t,208,347,-302
o,815,862,-8827
t,206,679,6124
t,363,856,9983
o,264,443,5275
t,447,218,857
o,78,433,6774
o,631,575,8463
t,856,358,-4813
t,863,869,-283
t,664,54,5929
t,451,351,6072
t,412,94,-9215
o,975,5,4654
t,629,368,3572
t,599,280,-1453
o,279,455,2352
o,218,126,5258
t,980,829,8986
o,604,771,-5162
o,68,855,9121
o,298,295,9439
o,156,446,-7382
t,438,994,3144
o,897,288,6157
o,20,435,2016
o,474,848,-5712
o,240,944,-3442
o,307,42,-548
o,101,741,2476
o,707,94,-5631
o,957,270,-6902
o,242,362,-593
o,468,337,-5547
t,532,252,8040
t,897,461,8095
t,347,500,6616
o,67,294,-6081
o,982,740,2899
o,768,859,9899
o,750,749,-997
o,582,454,-2813
t,147,583,-6655
o,300,733,3297
t,544,720,-6808
o,435,288,1701
o,266,809,492
t,792,493,1551
o,302,987,-9576
t,709,173,4725
t,226,411,-5790
t,951,319,488
t,978,774,-6747
o,369,859,-2060
t,391,447,-2853
o,626,556,-5683
t,215,358,-6547
t,541,171,-1629
t,880,758,-9276
t,663,505,-4691
o,252,303,-3696
t,407,898,1191
t,238,989,-2176
o,871,265,-7054
t,465,31,4608
o,829,22,6552
o,128,683,9930
o,847,51,-4341
t,753,78,-7632
t,333,818,-567
t,919,473,8667
t,23,110,-5678
o,264,64,5275
o,233,796,8316
t,705,862,-6332
t,940,805,-7366
o,199,615,-1551
t,667,732,-8102
t,586,890,-414
o,965,682,-3625
t,345,654,3602
o,857,490,-6752
o,514,515,7658
t,378,935,2268
t,101,793,5765
o,30,707,2793
o,568,94,-9707
o,133,282,1147
o,404,232,8313
o,198,249,-5467
o,300,445,-239
t,113,172,2053
t,399,845,-4284
t,68,350,5001
t,692,276,5812
o,90,641,8840
t,828,263,-739
o,200,382,-9902
t,49,633,9332
t,761,49,3405
t,184,725,-4018
t,66,428,-2809
o,446,760,-873
o,839,837,9047
o,501,979,7872
t,511,695,-5791
o,681,936,1958
o,253,861,4783
t,285,386,7420
o,262,215,-5416
o,130,662,-9049
t,525,802,-5221
t,931,815,9772
t,761,238,-9283
t,907,297,-9262
o,65,148,-128
o,254,556,-2293
t,243,384,-1236
o,390,194,8836
o,841,318,7547
t,538,832,-4875
t,682,522,3398
o,617,813,2037
o,320,490,-6794
o,704,126,-427
t,648,905,4638
t,632,405,1628
o,441,579,6963
t,274,654,363
o,479,948,4817
t,915,728,2132
t,475,561,-4283
o,440,7,-5600
o,57,933,-1380
t,353,148,214
t,290,413,6576
o,356,757,7410
o,64,867,146
t,772,201,-9667
o,643,34,5193
o,494,422,-1889
t,317,857,-6479
t,442,23,3675
t,919,409,9659
t,756,799,-7736
o,984,450,-8830
o,537,641,-7720
o,809,676,1520
o,614,124,494
o,111,721,6806
t,590,260,-6278
o,74,67,-1047
t,900,821,-2951
o,414,550,3659
o,779,215,-9641
o,622,907,8401
t,842,181,-8110
t,858,930,-6675
o,752,447,-5357
t,933,193,6764
o,349,478,-6541
o,271,308,6360
o,618,200,-8684
o,670,376,9989
o,964,948,-8928
t,879,217,2428
o,903,182,-3397
t,291,862,-114
o,208,769,-9033
o,650,292,-7169
t,79,602,6558
t,575,715,9404
o,217,969,-1153
o,718,919,-4123
t,423,390,-9602
t,987,430,-3686
o,561,209,3465
o,851,994,6852
t,701,374,-5533
o,325,634,-3364
t,619,926,-7153
o,444,837,-5697
o,582,877,960
o,23,673,-9427
o,298,119,2749
o,522,667,-1431
t,908,103,4214
t,992,889,-4737
t,176,734,7701
t,445,892,-4431
o,559,549,8662
o,257,802,-1740
o,240,80,2167
o,592,71,-9314
t,802,640,335
o,189,322,-1331
t,226,382,-2784
t,534,992,-6794
o,946,325,3665
t,22,87,3341
t,753,241,3883
o,626,69,6105
t,2,523,1031
o,121,328,-403
o,167,375,4600
t,2,442,837
t,209,501,9789
t,312,984,-4549
o,675,13,1863
o,226,247,8815
o,26,12,-5142
o,40,909,7457
o,727,157,-5972
t,143,362,1454
o,998,194,-5404
o,653,925,2021
t,704,793,2316
o,928,818,-8448
t,489,844,-5703
o,240,690,-703
o,976,768,7236
t,496,386,-2700
o,27,814,2589
o,670,703,7913
t,221,490,4390
o,512,36,-6773
o,432,524,9485
o,399,759,3111
o,957,311,-7953
t,493,267,9038
o,959,769,4331
t,971,701,5318
t,536,700,2362
o,518,776,9860
t,196,101,-8398
o,950,348,7214
t,767,349,-9077
t,735,499,4375
t,379,413,-1737
o,220,306,3061
t,399,396,5957
o,895,625,-4048
t,116,522,3095
t,135,845,-4110
o,141,352,991
t,232,772,1232
t,334,480,4921
t,395,298,2354
o,369,76,937
t,192,312,3409
t,7,855,2159
o,974,600,-8213
t,666,753,1768
o,8,978,-8799
o,848,298,8129
o,501,399,-5155
o,451,435,1614
o,118,553,-1363
t,618,354,-3325
o,417,912,6045
o,622,187,2763
o,872,915,4440
o,759,71,-803
t,514,920,7095
o,278,928,-4245
t,342,166,2962
t,2,99,-6681
t,835,791,3240
o,511,60,-5974
o,759,675,5847
o,960,626,1587
o,980,290,-8487
t,244,669,-6745
o,659,379,-9648
o,306,264,6303
t,523,390,-2404
o,427,164,-4329
o,647,930,9788
o,135,466,196
o,176,595,-2858
o,50,952,8519
o,402,983,-2219
t,648,357,9928
o,249,897,-9287
o,562,994,6852
o,359,762,-6119
t,186,286,8118
t,242,487,-6025
o,515,436,-3846
t,66,194,5935
o,840,5,-5104
o,170,499,-4832
t,447,171,7973
t,465,763,-6254
o,389,881,-4419
t,938,140,-5494
t,390,61,5691
t,705,682,7731
o,589,585,-9302
t,739,104,-4519
o,672,413,728
t,919,726,5845
o,872,122,-6530
t,219,977,5862
t,842,610,-3505
t,997,416,-2159
o,777,278,6854
t,435,813,4276
t,48,577,1160
o,625,738,127
o,552,247,-6543
o,549,161,9013
o,106,814,569
t,953,510,-4415
o,393,489,841
o,611,302,6853
o,114,511,-6454
t,679,275,1575
t,62,515,3548
o,433,550,8683
t,563,15,-785
o,433,421,-8281
o,103,240,7400
o,940,342,6548
o,738,603,-7272
o,180,681,7939
o,126,71,3612
o,370,621,-3279
t,870,356,4670
o,917,82,-1991
o,489,474,-776
o,370,814,-6688
t,102,688,-9365
o,542,132,-5385
o,499,17,-4711
o,482,424,-721
t,701,800,-1740
t,20,184,-5986
o,433,716,327
t,995,216,744
t,472,285,-4733
o,159,870,6193
o,739,984,-1373
o,548,645,-4541
o,881,511,8148
o,856,945,7075
t,853,950,-1704
t,873,244,-9981
t,15,824,1320
o,628,172,-5722
t,216,394,6269
t,299,409,-4549
o,553,343,-6565
o,20,843,-813
o,5,261,-1387
o,466,142,5063
o,184,336,-7105
t,439,566,-9749
o,607,573,6816
t,574,599,-1142
t,196,695,-6219
o,738,200,3657
o,522,693,6073
t,822,530,-3052
t,159,169,-9063
t,338,74,5048
o,501,852,7318
o,222,331,-2496
t,839,205,-1900
o,304,715,2263
t,83,607,-1397
t,814,526,1372
t,891,895,-1232
t,663,846,1801
o,21,252,5244
o,257,289,-7625
o,885,637,-2684
t,599,795,-1682
o,704,50,1582
t,291,817,-1912
o,555,913,-1444
o,841,816,-812
o,327,178,6692
o,571,552,3926
t,527,587,7308
o,897,300,8049
o,283,881,5770
o,681,33,2891
o,103,343,4892
t,635,833,-5468
o,650,614,4948
o,735,107,5813
t,226,464,6977
o,790,82,7532
t,292,589,-9882
o,486,211,8411
o,615,692,3829
t,718,896,1888
o,505,525,8587
t,606,8,1750
o,967,563,-5242
t,168,316,5614
t,228,998,-7976
o,655,348,-9613
t,994,624,7379
o,673,109,6591
t,795,434,1345
o,836,654,-7271
o,710,889,2881
t,881,988,-1894
o,913,0,6607
t,476,874,2487
o,482,725,-6457
t,611,61,-568
t,33,939,-5662
t,681,630,810
o,451,549,1897
t,750,643,-8605
t,407,675,3203
o,434,197,-7700
t,682,483,-3523
t,836,394,-7148
t,505,649,-5747
t,939,860,-8395
o,79,705,5648
o,722,190,-2690
o,689,512,8357
o,795,490,-7095
t,20,416,-4349
t,389,864,7569
o,198,718,6002
t,187,176,-9336
t,183,807,-730
o,915,788,-446
t,875,518,4578
t,141,945,6773
t,852,392,5215
t,69,915,-109
o,694,901,-2906
t,55,836,1958
o,305,449,9231
o,47,332,8888
o,614,682,-6930
t,245,604,4019
o,320,646,8552
t,374,586,4890
t,30,500,-9693
o,184,674,-1233
o,874,257,7971
o,49,262,-2459
o,444,560,8581
o,12,732,-4225
o,875,828,-6616
o,160,147,-6687
t,99,867,3632
t,648,74,-7532
o,296,404,-7431
o,398,383,-1502
o,941,761,-6440
t,230,745,-421
o,842,168,-65
t,776,262,-2892
o,216,33,-8315
t,839,908,-8520
o,936,551,-7964
o,920,76,5232
o,8,153,8087
o,492,529,-1545
t,146,907,4131
t,120,555,4360
t,785,266,-3396
t,228,464,-2616
o,760,188,-5979
o,971,227,8562
t,452,906,5986
o,141,407,5583
o,443,709,-1163
t,820,701,-5403
o,668,553,9003
t,204,464,-7105
o,300,311,-8175
o,814,250,-8212
o,487,912,-5756
t,917,971,7787
t,446,25,5546
t,955,694,8047
o,878,707,306
o,841,394,-7477
t,320,75,9146
t,629,674,2669
o,369,321,-4498
o,908,330,-323
o,829,495,-3269
o,974,84,4731
o,322,845,-3185
o,461,691,-5501
o,549,912,-2735
t,822,605,3152
o,37,706,6931
o,332,826,4469
o,349,664,-9346
t,409,290,4170
t,376,701,-8104
o,667,382,2482
t,428,140,2478
o,198,464,-651
t,330,555,831
o,848,372,-959
o,124,58,-3803
t,604,881,2460
t,159,427,8802
t,707,569,-4443
t,627,777,-807
t,141,97,5350
t,80,581,8984
t,252,282,-3419
t,520,751,-222
o,880,505,9380
o,992,304,6263
t,84,558,-6543
o,941,391,9924
t,803,864,-8278
t,879,959,9489
t,643,194,9698
o,678,308,-9843
t,795,387,6304
o,182,2,4072
o,217,678,4671
o,695,117,-5222
t,895,194,4308
o,109,643,-2533
o,40,328,-5178
o,581,875,-4866
o,576,994,-4476
t,45,453,-4808
o,606,18,6247
o,227,424,1476
o,3,280,-4497
t,443,300,-441
t,576,599,-576
o,360,97,-5450
t,424,344,426
t,396,219,-8700
o,732,998,9207
t,364,723,4446
t,860,97,6251
t,602,867,-9907
t,696,198,-6988
t,387,644,3167
t,313,181,8376
o,946,718,1270
t,965,992,-7677
o,523,770,814
t,744,706,4666
t,795,57,8090
o,130,222,9905
t,193,65,8240
t,71,992,4376
o,847,685,-6639
t,134,590,-9488
t,123,87,5795
o,374,840,2793
o,772,222,-1452
o,905,75,4639
o,561,882,4960
o,145,602,-3959
t,228,513,-5518
t,841,710,-6080
o,231,897,-5058
o,621,807,-2878
t,693,200,252
t,463,204,8652
t,226,922,-3651
t,598,37,-5826
o,968,138,3870
t,717,420,-6567
t,901,405,-5018
o,539,159,7426
t,718,799,12
t,212,101,-787
t,952,612,2560
t,628,651,1102
o,589,876,-310
t,584,651,1927
t,307,869,9521
t,27,154,-9183
t,55,165,-72
t,163,833,-6446
o,206,773,-7300
o,11,893,2714
o,345,361,9070
o,954,223,4544
o,332,935,8796
o,425,530,-8285
t,386,87,5863
o,709,128,8344
t,637,71,-2835
t,612,762,7953
o,117,119,8383
t,730,671,5428
t,820,879,7849
o,379,303,-3717
t,642,186,-2365
o,375,598,4914
t,46,981,-8188
t,93,278,1735
o,863,380,-8330
t,343,642,1415
t,986,528,-2824
t,72,166,-2854
o,886,598,-5546
t,108,544,9970
t,694,189,6492
t,749,19,5528
o,17,724,3887
o,987,313,-6667
t,643,564,-8798
o,128,737,-4569
t,162,582,-3974
o,171,125,5704
o,385,550,-8572
t,947,737,-203
o,738,321,297
t,551,392,6539
t,240,919,9490
o,295,153,-5921
o,229,290,1441
o,985,57,9328
t,532,286,-5469
o,59,731,-231
t,160,482,-6243
t,627,152,-7635
t,957,371,1673
t,965,295,3767
t,941,352,-3467
t,381,650,1495
o,886,376,-3645
t,59,96,-8508
t,759,284,-2778
t,913,527,897
o,252,165,-7173
o,541,197,-7197
o,781,598,-3813
t,3,129,-7755
o,674,915,-4525
o,288,774,-356
o,373,449,-6192
o,699,338,-541
t,638,997,2718
o,140,307,-8834
t,481,992,3250
t,950,428,-8408
t,785,312,4251
o,977,419,-4703
t,485,813,5407
t,891,970,3613
t,592,18,-3797
o,194,624,-1749
t,836,270,9074
o,152,97,-4020
o,492,18,6748
t,834,592,3233
o,664,610,-1907
o,831,260,-1781
t,975,877,-720
o,615,404,-7128
o,42,470,6619
o,809,214,3250
o,112,147,-2841
t,44,271,-9944
o,129,671,1477
o,112,135,6043
o,337,399,-1649
t,261,141,-2776
t,554,339,-2106
t,846,195,1007
o,379,772,-7996
o,785,643,-3372
o,28,671,-1733
o,550,855,-5779
t,420,425,-2101
t,488,276,4819
o,194,503,-7133
o,490,476,2284
o,91,993,528
t,700,345,-2103
t,589,973,-2895
t,315,503,91
o,688,535,6554
o,582,302,6855
t,829,797,4739
t,237,48,-4195
o,439,302,-7964
o,206,76,2122
o,570,20,-2653
o,77,623,2905
o,884,594,603
t,740,78,-5232
t,998,309,-4821
t,536,665,7944
t,263,787,2609
o,64,94,488
o,819,821,-6925
t,893,697,-5992
t,338,912,-5357
o,681,823,9466
o,519,931,-8874
t,13,927,-794
o,576,220,-3920
t,399,506,-4163
t,176,37,-9110
o,566,790,-7246
t,727,132,9946
t,557,647,7425
t,86,209,-796
t,146,331,-4468
o,775,985,6250
t,477,739,6694
o,917,601,4599
t,651,944,-8807
o,223,98,-3592
t,529,142,5929
t,372,388,2255
o,390,62,-2958
t,202,909,-4582
o,373,820,3505
t,898,631,3143
o,830,382,-1303
o,667,808,3496
o,826,984,-4261
o,670,93,-2096
o,172,264,5639
o,864,751,-6147
t,175,914,5316
o,609,181,8743
t,917,630,1992
o,200,791,9746
o,977,985,-9933
o,201,234,-7954
o,593,251,5677
o,553,975,394
o,352,292,-9227
o,96,626,6989
o,975,538,7942
t,588,387,-5327
o,96,334,3585
o,764,727,3216
t,542,295,2725
t,390,269,3019
o,908,564,7136
t,267,411,7893
t,256,344,-4195
t,161,309,6189
t,1,813,-8147
o,695,616,3826
o,908,234,-3794
t,908,487,913
t,894,471,6441
o,966,400,-3295
t,441,412,-9568
o,292,182,-6077
o,300,73,9325
o,449,99,-7174
o,90,862,7818
o,708,961,5581
o,96,241,-7168
t,252,375,-6068
t,55,711,-3102
t,185,11,-3613
t,608,228,3316
t,128,930,-2251
o,75,408,-8620
t,524,503,-6389
o,924,786,6270
t,221,8,4335
o,747,57,-1197
t,102,597,-1468
o,736,741,-3786
t,169,26,9121
o,186,306,5089
t,651,434,5536
t,394,182,-3591
o,700,185,235
t,947,145,8015
o,395,193,-9341
o,103,133,3039
t,83,143,9572
t,453,309,3720
t,46,526,2195
o,942,552,8972
o,482,466,-1494
t,977,971,-8408
o,968,886,8550
t,115,571,-6001
t,158,866,-6497
o,556,376,4714
o,293,930,-8677
t,210,788,8583
o,357,901,-3995
o,538,625,-3940
o,686,695,5003
t,756,78,-8980
t,228,945,5302
t,218,168,5944
t,495,484,-2427
o,45,731,8001
t,733,994,3465
o,490,5,7830
t,47,589,7531
o,206,118,8977
t,629,33,4098
o,280,75,8162
o,472,960,6155
o,43,463,-3809
o,86,638,-7453
o,924,610,1964
t,236,90,9625
t,378,850,-9447
o,216,147,6987
o,113,370,9006
o,596,990,-95
o,319,579,-1525
o,606,534,-2259
o,444,499,-6115
t,427,386,8215
t,126,915,4870
t,761,981,-7502
o,123,414,-4585
o,643,111,908
t,362,344,-4407
t,638,130,-5158
t,688,796,9525
o,229,906,-4892
o,889,656,-8797
o,479,583,-7764
o,428,599,3291
t,724,549,-2721
t,923,931,-3387
t,853,240,8420
t,539,434,-7139
o,598,119,7850
t,553,871,-5499
t,437,851,8849
o,808,137,7058
o,824,472,9583
t,342,143,5798
t,850,640,-3213
t,913,60,-6417
o,258,698,-2702
o,563,353,-3996
t,236,807,-2002
t,919,983,4645
t,162,577,8178
o,302,414,7904
o,138,205,-9723
t,454,633,4475
t,575,264,9677
t,5,370,-520
o,174,264,9814
o,234,956,4333
t,911,16,9653
o,78,658,-2456
t,248,252,7850
t,353,882,-5980
o,608,664,-25
o,29,37,-856
o,627,984,2317
o,306,80,2074
o,945,269,285
o,508,597,-2210
t,225,440,-1870
t,642,937,8859
o,975,629,4901
t,826,316,-1368
t,36,694,-7884
o,683,929,-9504
o,418,36,2947
o,578,698,1320
t,978,489,-7655
t,136,451,-5985
t,309,708,-6534
o,480,690,3322
o,943,4,-2849
o,773,893,633
o,549,785,-8362
t,663,604,2725
t,12,610,-1975
o,96,888,5485
o,39,866,-5189
t,793,24,8534
t,106,763,-9711
o,118,498,-4383
t,59,622,4474
t,622,340,-1960
t,752,697,-8598
o,683,805,8867
t,121,230,27
o,854,190,6200
t,539,872,8536
t,513,853,2903
o,554,603,4182
o,81,239,-2665
o,243,825,882
o,663,853,-726
o,928,467,-6327
o,26,828,-4186
t,876,274,-2339
t,654,776,7299
t,801,609,-2845
o,34,71,4478
o,447,586,9820
o,962,584,3794
o,337,459,9087
t,218,355,-5242
o,444,597,118
t,457,179,4055
t,571,855,918
o,226,378,1755
t,27,907,2879
t,652,797,2833
t,585,198,4191
t,458,552,-8539
t,580,986,-1980
o,787,21,-6295
o,903,469,3308
t,592,288,2271
o,969,309,5425
t,406,932,-5672
o,321,543,-9851
o,126,275,-5704
o,61,127,-9000
o,410,546,4361
t,94,310,7178
t,714,497,3002
t,320,467,-5715
t,715,482,6221
o,99,554,6024
o,101,925,-4863
t,808,746,7035
t,907,555,-1311
t,456,969,-1695
o,547,943,-6520
o,211,961,-301
o,790,238,7692
o,831,561,-8145
o,449,904,-6024
o,620,453,-3682
t,945,585,-2297
o,588,3,-9111
o,343,960,7385
t,568,335,2705
o,926,236,5041
o,547,150,1310
o,785,854,5034
t,959,2,-6799
t,643,872,6658
o,328,110,2128
t,856,380,-1626
o,303,407,-431
o,790,453,47
o,911,445,-767
o,640,936,-7313
t,769,921,728
o,583,846,6511
t,741,222,7909
t,221,99,171
t,499,340,8161
o,700,163,6270
o,265,369,1207
t,613,82,4152
t,846,989,-8399
o,913,14,-3014
t,285,571,8558
t,888,489,8787
o,511,749,-3476
o,629,965,9797
t,284,937,5153
o,370,485,9217
o,80,456,-6694
t,991,881,9187
o,102,173,2494
o,767,900,-1120
o,356,976,-474
o,787,854,-184
o,892,325,-8743
o,998,314,-1550
o,625,917,-6943
t,490,50,5938
o,216,851,-2735
o,594,621,3197
t,615,920,2544
o,225,16,-4233
o,113,758,1912
t,294,391,652
t,237,710,-2811
o,143,575,7279
o,349,831,-8111
o,686,250,2426
t,612,964,-8474
t,682,983,9651
o,725,134,-284
t,419,571,-2853
o,569,65,8105
t,152,532,3354
o,289,60,1462
t,190,264,431
o,370,979,1477
o,637,929,674
o,606,1,1916
t,402,266,-2039
o,372,441,6969
t,347,67,-6248
t,493,848,-7769
t,66,820,2767
o,544,490,-780
o,884,903,-8511
o,323,209,6070
t,739,802,6977
o,299,889,497
t,534,405,-128
t,100,69,-4144
t,685,970,-1858
t,249,668,-207
t,906,958,-1562
t,92,858,-5851
o,57,391,-8502
t,284,542,6913
t,945,332,-7550
o,426,263,9603
t,752,868,-5832
o,922,132,-8523
t,291,449,1933
t,768,570,-7628
o,39,257,6201
t,755,301,9948
o,736,97,3275
o,300,93,5153
o,460,78,-6186
o,626,753,-1770
t,250,457,-3051
o,837,324,-2219
o,32,853,3159
t,250,188,3599
o,34,727,7079
t,872,495,-9460
t,46,683,7907
o,654,739,-7197
o,689,665,-4978
t,767,649,456
t,80,414,-2763
o,885,810,2134
o,279,883,-7892
t,137,960,1629
t,312,921,5667
o,729,211,-5690
t,388,195,3059
t,487,307,7244
o,830,413,1822
o,695,811,3512
o,338,443,4046
o,531,464,3385
t,127,500,-4401
t,437,134,-3647
o,77,881,8730
o,405,115,-4389
t,142,7,6249
o,261,347,-6003
t,157,536,-2680
o,960,793,5461
o,664,248,4104
t,857,488,2121
t,420,284,-3343
t,878,651,246
o,234,794,8345
o,751,121,548
t,130,258,386
t,873,905,8957
t,510,787,-1962
t,633,865,-5317
t,104,528,7894
t,173,843,-4753
o,547,317,-4585
o,274,664,4449
o,360,651,-4314
o,87,946,-3502
o,647,476,2931
t,494,493,-2845
o,665,906,4710
o,755,159,5845
t,700,825,2171
o,683,14,9859
o,659,259,5491
t,190,455,-2600
o,983,506,-6379
t,701,953,6773
t,754,124,-1831
o,813,971,-5175
o,601,862,2890
o,678,169,-3861
t,946,289,5012
o,63,973,5296
o,396,39,8853
o,483,226,4824
t,187,375,-9394
o,46,393,9576
t,10,694,9982
t,443,419,-9084
t,971,623,-9207
o,15,380,5685
t,233,38,6295
t,609,407,6479
t,628,60,4817
o,503,826,-8276
t,360,523,-5422
t,649,60,-6920
t,564,780,3685
t,132,185,-9150
t,951,473,7226
o,86,364,-8804
o,709,152,2601
t,373,253,-2214
t,410,248,-5950
o,543,664,2270
t,487,110,90
o,660,93,-3913
o,220,173,-4659
o,941,432,1152
o,377,236,8443
t,269,960,8796
t,796,230,-5910
o,852,269,2689
o,722,63,3016
o,501,665,-5437
o,65,737,3632
t,72,599,3320
t,558,321,3978
t,732,190,6147
o,260,102,5977
t,3,917,8973
o,769,399,-8072
o,350,112,3424
o,453,924,9344
o,147,367,6199
t,367,355,4083
t,438,123,-9629
o,362,81,4644
t,737,520,-2544
t,538,708,2898
o,261,834,-1576
t,103,566,-6909
o,989,378,-4480
o,247,913,-7174
t,367,482,2172
t,500,418,3434
t,394,651,-3866
t,217,124,9674
t,327,946,-844
o,861,584,9460
t,461,418,2787
o,633,130,-2689
o,944,938,-1528
t,585,3,8632
o,307,689,8630
o,939,875,-3135
t,634,97,4108
o,576,439,-8213
t,65,784,6322
t,968,954,2078
o,811,907,-8304
t,388,563,-1723
o,339,129,-9648
t,870,247,-8497
o,942,382,450
o,553,734,2658
t,599,359,-5454
t,926,779,2664
o,374,138,-8953
o,860,941,-5257
t,506,738,2971
t,369,892,6378
t,681,304,-203
o,80,732,362
o,965,530,2949
o,136,145,-5684
t,565,837,-7390
t,241,913,-3452
t,762,389,1604
t,497,799,8202
o,547,83,2647
t,960,269,6366
o,423,342,25
t,110,495,-2850
t,34,328,4648
t,751,289,9625
t,670,682,3921
o,738,478,6265
o,209,577,7597
t,474,57,2535
t,733,881,8421
o,791,259,-6275
t,222,314,-9316
t,735,227,3884
o,574,24,-3367
t,734,266,-3909
t,292,436,3233
t,420,17,2839
t,842,657,4907
t,435,745,-3973
t,898,36,-5049
o,479,236,-3389
o,159,316,-2972
t,931,301,-7735
o,734,391,2151
o,993,91,-3462
o,64,100,8163
o,53,641,-7259
o,221,732,-6191
o,320,859,1318
t,524,82,-1338
t,712,877,-167
t,286,860,-1042
t,443,505,-8908
o,873,222,-163
o,323,113,3755
t,847,409,-7720
t,740,566,-6351
o,313,594,8066
o,37,301,896
o,589,370,-9102
o,487,18,-9160
t,749,153,-8275
t,220,367,-2460
t,450,446,5980
t,81,411,-6137
t,264,941,-4724
t,116,111,-8448
t,281,782,8367
o,291,390,-2723
o,719,735,-7287
o,86,456,1580
o,258,273,2015
t,656,129,-5502
o,242,906,9545
t,432,43,-8589
o,973,80,4850
o,419,541,-2975
t,597,529,-7426
t,413,856,668
o,667,733,-4709
t,326,577,2562
o,198,330,-2983
t,525,542,8643
t,475,874,9022
t,219,33,3496
t,577,359,-8787
t,5,615,8615
t,217,892,3497
t,850,350,-5665
t,240,34,-7404
t,176,87,5639
o,537,186,-7728
o,478,134,1160
t,730,598,-6596
o,173,770,-6152
o,381,536,3397
t,436,478,-6505
o,288,331,3555
t,600,716,9296
t,610,287,1750
o,946,663,8583
o,701,733,-285
t,341,343,-6001
t,205,430,8315
o,274,725,5451
t,771,122,-2623
o,999,549,3436
o,16,961,-9688
t,115,817,-2647
o,209,929,-9805
t,943,419,281
t,989,590,-5018
t,589,375,-1491
o,872,703,6706
o,484,693,5340
o,6,987,1536
t,870,409,5703
o,371,338,-8341
o,614,51,7656
t,772,569,-6331
t,105,465,-6099
o,840,906,5460
t,239,329,1539
o,797,394,5392
t,628,910,-7413
t,678,78,4957
t,370,871,-9649
o,811,515,4971
o,284,26,-8436
t,637,277,5571
o,231,254,-1521
o,47,87,-363
o,863,224,-2682
t,898,722,-903
o,68,519,1386
t,444,284,8787
t,482,765,3474
t,565,472,-6901
o,472,721,9913
t,744,841,9695
t,202,211,5782
t,85,998,2292
o,76,473,1247
o,631,740,-4215
o,663,374,6287
o,815,467,-5312
t,951,652,-1585
t,354,644,-88
o,882,392,1898
t,518,929,-3469
o,502,404,4319
t,318,576,391
t,100,673,1532
t,348,940,-4024
o,412,332,-6920
o,345,632,9132
o,762,795,5892
t,746,887,8042
t,205,617,-365
t,804,777,-3258
o,766,565,8875
o,703,349,-6896
o,208,636,-4612
t,624,439,3271
o,470,391,-4614
t,973,68,8326
o,188,972,-9400
t,741,818,4377
t,557,938,7016
t,803,232,5003
o,20,981,5446
o,611,541,6375
t,669,536,8406
o,960,974,801
t,161,353,-7470
t,195,945,7742
o,738,736,-2948
t,888,232,8890
o,628,189,4791
t,728,160,5476
t,221,752,4380
t,827,564,894
o,629,424,-9040
o,158,764,897
t,627,950,6935
o,941,713,-4191
o,262,620,7040
t,595,483,2012
o,231,442,1889
t,705,91,4718
t,800,951,3022
o,396,831,-958
t,241,457,9066
o,283,621,-5888
t,876,542,-5648
t,591,495,692
o,318,780,2600
t,783,834,-2361
t,152,396,2886
t,871,736,-5006
t,825,528,860
o,857,810,-2616
o,150,264,-2261
t,214,409,-3234
o,502,660,5663
t,545,835,4973
o,699,261,-7541
o,148,607,7281
t,628,891,3374
o,373,514,9220
o,357,18,-3029
t,796,842,3751
t,884,821,6155
t,303,315,3930
t,905,17,7188
o,764,536,-1610
o,216,702,-9265
o,6,918,-7693
o,282,44,-9976
t,91,715,3016
o,577,968,1343
o,145,142,7621
t,45,23,5062
t,130,662,-6300
o,955,892,-3989
t,780,428,8051
o,55,365,-7327
t,717,153,3006
t,382,249,575
t,777,40,-6394
t,254,59,-6240
t,30,70,7268
t,273,648,-4843
t,951,713,-871
o,711,427,-3346
t,347,302,8950
o,174,863,-1968
t,184,759,6316
o,426,403,385
t,635,340,-6421
t,323,97,184
o,213,642,8748
o,689,986,-6032
t,975,133,-2283
t,592,385,9668
o,402,855,1713
o,146,663,4628
o,651,391,2223
o,171,826,1420
t,774,51,2640
t,928,946,2381
o,569,943,556
o,817,285,-6106
o,713,137,-8680
o,908,650,-5487
o,234,528,5828
o,631,533,-2403
t,203,308,3399
t,9,447,3763
o,297,983,650
t,81,544,-5894
t,443,435,1308
o,497,320,3953
o,870,325,-833
o,805,646,-7782
t,71,121,-9279
o,294,251,-99
t,767,437,-9483
o,537,5,-9608
t,853,260,-6201
t,315,624,-8064
t,20,666,-8169
o,637,159,1565
o,820,50,-1716
t,93,346,-5593
t,608,91,-3812
o,372,259,-7383
t,292,651,-3650
t,949,23,8153
o,174,785,8247
o,145,498,-6930
t,129,948,6199
o,292,521,-1284
t,691,121,-7818
o,564,526,3447
o,962,392,9190
t,888,425,2036
o,701,181,5855
t,45,354,-8995
t,810,77,8167
o,329,139,-7521
t,35,29,-6494
t,762,534,3343
t,769,616,8418
t,454,333,2016
o,589,749,8574
o,579,520,-8922
t,88,13,1937
t,867,601,-663
o,547,147,-1987
t,666,261,-4936
o,366,779,-2952
o,4,924,-8231
o,302,676,-2378
t,73,278,3497
t,166,768,8325
o,205,556,-6048
t,564,347,-8055
o,848,229,7629
t,346,483,3560
o,721,225,2539
o,950,169,-1513
o,391,20,5283
t,346,595,-7285
o,611,727,7026
t,968,312,-1909
t,820,627,4612
t,354,421,-2451
o,219,517,186
t,811,368,6812
o,758,451,-9060
t,632,893,-3085
o,393,562,-694
o,80,787,3691
o,73,601,3877
o,743,217,-3134
o,254,861,-6780
o,876,713,7388
t,986,456,-1670
o,498,121,-4029
o,979,538,500
t,262,706,9500
o,397,862,-2175
o,958,860,7805
t,759,565,-5656
t,284,573,-537
t,923,310,6444
o,582,846,6631
t,575,106,-9458
o,469,841,-6278
o,55,318,1518
o,779,674,-177
o,117,552,-5261
o,524,600,8333
o,815,462,-5283
t,736,635,-7125
t,976,452,7362
t,594,527,2258
o,140,221,-6197
t,115,652,9698
t,366,645,-282
t,860,911,1370
t,688,116,8692
o,773,737,3238
t,179,387,1803
o,430,465,-6507
t,949,174,-9830
o,958,522,4298
o,931,343,6328
t,227,501,-4207
t,979,213,5773
t,590,842,4813
t,837,514,9318
t,825,387,9996
t,353,242,367
t,885,626,-5324
t,42,182,9171
o,832,810,8615
t,330,678,-4163
t,75,131,-3596
o,982,892,1079
t,632,468,1757
o,575,283,-2045
t,236,754,6278
o,783,892,-8116
t,439,778,1451
o,917,183,-8654
o,365,265,7989
o,890,604,7476
o,246,414,3947
t,220,497,5443
o,201,524,-8067
t,212,499,1978
o,183,318,-9483
o,133,335,4165
t,502,444,9348
o,654,741,-6514
o,691,452,-7819
o,867,46,9868
t,589,86,4548
t,918,592,907
o,272,981,-4892
t,538,787,-729
o,421,574,-8636
o,193,805,-6841
o,519,603,-1833
t,969,429,-2466
t,309,500,4035
t,155,62,9827
t,102,477,-5411
t,644,295,8477
o,44,465,-9770
o,55,811,5864
o,108,372,-5974
t,303,677,942
o,542,551,-4962
t,539,95,1492
t,461,684,-2605
t,779,773,-9903
t,606,875,-4606
t,700,416,3209
o,426,907,1511
o,654,638,-8894
t,900,558,7784
t,988,379,-4463
o,481,208,9862
o,653,138,29
o,953,997,-6824
t,849,906,-291
t,514,898,-5718
o,877,104,4267
t,220,268,3147
o,817,562,413
t,787,126,3865
t,503,124,1234
o,510,251,4889
o,109,867,3233
o,40,644,2709
o,668,778,377
t,394,74,-7044
t,755,975,6054
t,604,996,-7738
o,931,706,-3326
o,450,972,-3096
o,826,160,-2771
t,285,528,7982
t,731,102,-5612
o,964,8,1055
t,185,51,4350
t,190,307,8474
t,895,156,-6647
t,587,627,-6674
t,886,797,814
o,623,72,-1123
t,277,142,-9309
o,115,915,-1640
o,986,803,-2671
t,123,28,-6371
o,488,500,-6065
o,246,469,5197
t,652,417,-2242
o,466,627,-5800
o,916,41,-770
o,335,150,8545
o,235,316,-4492
t,875,53,-2385
t,515,320,-1123
o,724,1,-3767
o,158,472,5312
t,853,718,8311
t,724,535,4622
o,143,462,9816
t,921,404,1651
t,995,354,6483
o,554,638,8337
o,712,540,1563
o,158,458,-9153
o,488,25,2417
o,378,250,6703
t,396,184,-9952
t,18,418,6082
o,504,352,-5023
o,839,706,-4322
t,791,705,-5925
t,43,141,39
t,276,460,-2075
o,939,107,-5249
t,598,876,-1317
t,753,744,8423
t,499,126,-3946
o,245,467,4664
t,418,406,-5556
t,979,848,-1453
o,986,717,-675
o,731,910,3568
t,164,485,2241
o,751,484,2902
o,129,682,3661
t,552,289,-6862
t,809,577,3993
o,686,76,-7571
o,734,892,1430
o,572,686,-3129
t,412,409,1851
t,43,400,-5603
o,77,89,5140
t,574,741,-9205
t,370,54,9721
o,578,89,5665
o,844,226,-264
t,33,249,5375
o,530,112,6120
t,427,578,429
o,450,599,5003
t,328,44,619
o,996,180,6467
t,87,15,8167
o,814,102,6011
t,315,562,-8460
o,478,86,4964
o,114,447,8811
t,463,935,9976
t,868,308,-9391
o,707,256,3929
t,3,52,-7486
o,621,381,2321
t,165,658,4295
t,248,650,6409
t,65,958,-3180
o,526,518,7275
t,286,448,-4575
t,683,533,803
o,129,215,-2709
o,296,386,-1467
t,590,725,-5763
t,517,875,4475
t,406,603,-6610
o,921,730,7820
t,184,186,427
o,578,112,2221
o,709,46,-8132
t,137,269,-7143
t,209,556,5280
o,265,648,-5561
o,737,607,-6371
t,845,88,6650
t,72,448,-4196
t,187,274,-9856
t,605,261,8392
t,161,79,-9528
o,781,552,-8424
o,82,286,9839
t,314,369,-5160
o,534,349,6183
t,951,834,-8569
t,409,630,-75
o,326,38,7317
o,17,330,7759
o,256,595,-1718
o,628,725,7832
o,808,826,1863
t,59,506,4570
t,636,231,-3576
o,650,68,-6931
t,805,275,9921
t,644,270,9333
o,234,372,-7257
t,575,137,-291
o,765,98,-358
o,402,449,-6170
o,536,462,1882
o,414,817,-8081
t,821,182,-1128
o,119,315,-1248
o,201,28,-4531
o,730,336,-2232
o,152,646,-687
o,719,208,-4582
t,577,440,7213
o,112,23,228
o,569,943,-2957
t,541,524,6362
o,969,806,-1675
t,624,121,-4086
o,668,5,-844
t,31,353,-1493
o,334,345,4570
o,376,114,-2764
t,308,894,-594
o,114,201,-5992
t,908,727,-8227
o,588,343,-2464
t,539,959,6727
t,659,606,-5802
t,728,167,5810
t,182,5,-8835
t,22,767,2994
o,986,34,-8052
t,215,305,-8534
o,159,124,3924
o,22,610,8021
o,999,30,-4150
o,840,600,-1820
o,760,511,-1621
o,579,660,1736
t,79,299,9297
t,327,517,7285
o,520,526,1899
o,578,345,5319
t,121,649,1969
o,877,71,-3241
o,782,186,-4450
t,59,208,-2031
o,407,835,9607
t,796,98,1111
o,642,547,-9574
o,536,935,-4848
t,393,156,-3257
o,150,273,-6777
o,504,402,5869
t,463,787,-7002
o,96,15,-8682
t,146,299,-8191
o,304,5,3202
t,868,989,-1782
t,545,401,-1249
o,681,667,-3005
t,152,78,483
o,819,276,4877
o,576,188,938
o,473,242,9751
t,225,391,-4542
o,843,346,-5092
t,761,899,4578
o,41,779,-6347
t,381,654,2897
t,567,364,5075
t,406,2,-8981
t,754,512,-1545
t,848,407,-9878
o,972,477,-580
t,646,276,6514
o,534,191,1561
t,418,632,-7600
o,834,239,-9603
t,341,736,3847
o,457,756,9538
o,577,864,32
o,261,606,-8942
o,139,640,-6009
o,490,639,-3066
o,701,929,-7069
o,351,350,3848
t,666,414,-5144
o,984,563,4987
o,187,78,5344
t,723,822,-3561
t,235,740,-7806
t,313,794,-2146
o,742,696,-3227
o,920,166,2597
o,592,307,6785
o,993,163,-853
o,618,511,-1491
o,532,428,-8971
o,431,856,7219
o,361,967,-1648
o,847,145,-3220
t,489,547,-4007
t,453,532,3029
t,246,531,4494
o,527,661,-4523
o,586,837,-1343
o,298,651,4182
o,825,778,6040
t,678,434,2116
o,232,789,917
o,25,393,7330
t,753,404,8817
o,46,4,7058
t,33,706,-6960
o,589,793,9172
o,657,838,-8520
t,119,350,-5609
t,516,220,-4212
o,755,607,-8623
t,674,223,-7700
o,114,656,-2311
o,606,810,857
t,559,746,-2984
o,32,971,188
t,649,266,-39
o,780,935,-1517
o,730,166,3411
o,990,30,1287
t,932,356,3688
o,903,342,4712
t,489,646,1611
o,181,212,9067
t,418,99,2814
t,878,955,-121
t,224,792,-7596
t,397,51,-1390
o,47,541,-3539
o,695,597,-7288
o,735,555,2116
t,395,332,741
o,676,738,5053
t,927,615,7539
o,489,574,5556
t,320,989,8868
o,917,499,-5632
o,350,906,-7931
t,157,489,-322
t,891,343,3737
t,698,128,9760
o,657,287,-8791
o,248,483,1056
t,498,915,-1444
o,584,775,6915
o,699,859,-4363
t,771,873,-9038
o,306,687,8819
t,628,494,771
o,430,83,-3612
t,751,129,6795
t,302,337,-5041
o,527,74,9686
o,987,825,-4421
t,385,760,-2301
o,478,785,7274
o,608,644,-1019
o,87,900,-6988
t,591,541,-9854
t,484,699,3059
t,358,65,5846
t,516,864,-9682
o,660,953,-1469
t,587,786,294
o,105,904,-9272
o,278,216,3089
o,563,779,-8641
t,722,109,-6160
t,216,786,1076
t,804,923,1513
o,409,834,3934
t,865,370,-3330
t,761,638,65
o,248,783,-6822
o,222,206,-8139
t,18,134,-5935
t,375,969,731
t,247,569,-5558
o,524,132,4322
o,258,969,-8517
t,855,798,4751
o,6,869,-9655
t,47,361,-9919
t,279,474,-5531
t,662,856,2484
o,885,919,2084
o,732,600,-3925
o,377,490,5828
t,98,647,603
t,695,800,-1106
t,445,10,1672
t,292,860,3815
o,221,200,7545
t,216,660,5420
o,681,458,3759
t,263,178,-7306
o,142,951,9987
t,792,930,-2104
t,400,340,-6705
t,943,445,-570
o,53,713,4937
o,438,475,-2508
t,747,219,-921
t,469,702,-5294
o,618,17,-2796
o,853,486,5406
t,273,953,7254
t,820,614,-4219
t,88,571,7581
o,108,624,6744
o,941,90,-9613
t,992,696,431
o,330,566,-2276
o,574,508,-9353
o,237,777,-2873
o,998,294,2215
t,7,557,9327
t,772,697,-6247
t,51,373,3946
t,843,214,-9160
o,740,805,1582
t,332,596,-1098
o,33,194,-9162
o,363,984,16
o,308,228,6114
o,691,727,3639
t,924,384,4625
o,24,195,5313
t,877,914,3776
t,781,844,-615
o,109,503,3734
t,115,879,-6627
t,147,590,-4892
o,69,849,-6162
t,272,892,4994
o,517,611,-7223
o,885,239,5928
o,811,968,4938
o,100,897,-59
t,336,296,5169
o,185,928,-813
t,593,216,4761
t,412,139,2693
o,112,586,3272
t,687,132,-2289
t,149,173,-3766
o,128,375,-5639
o,849,40,537
o,900,85,-1944
t,33,783,1136
t,869,960,9604
t,815,422,8283
o,189,226,1279
o,983,123,2469
t,487,828,1109
o,216,814,-7998
t,441,967,6644
o,776,200,5558
o,386,730,-969
t,89,40,7189
t,864,137,9708
t,320,978,-8520
t,271,443,7739
t,197,301,-9773
t,782,241,122
t,186,583,-7724
t,375,939,2289
o,661,935,-2943
o,864,770,-2002
t,451,676,-2621
o,345,211,-9053
t,133,672,-7333
t,810,764,9340
t,772,118,-3361
o,245,958,9106
t,920,493,6791
o,397,408,1402
t,4,91,6566
t,835,319,-2018
t,656,311,-3210
o,155,426,867
o,1,425,-192
o,417,370,-936
o,134,636,9467
t,746,63,-791
t,737,532,2383
t,795,691,2466
o,804,783,-3471
t,354,87,8924
t,931,760,-2211
o,115,187,-6274
o,824,410,7809
t,726,16,-7898
o,313,476,-2956
t,763,760,6271
t,783,433,1804
o,54,87,-736
t,934,630,-8026
o,819,667,-4373
o,480,773,6809
t,852,360,-8298
o,614,810,930
o,792,805,-8304
o,565,576,-723
o,944,527,-8768
t,803,700,-5134
o,259,603,2265
t,319,307,6380
t,689,519,-7610
o,250,521,-4365
o,775,206,9346
o,879,978,-8415
o,190,860,4194
t,582,343,2839
o,141,736,9256
o,603,304,-2861
t,56,168,4991
o,375,432,3731
o,766,84,6835
o,513,275,-6362
o,556,550,1505
t,353,45,-9810
t,55,85,8622
o,230,934,-4894
o,104,424,-6137
o,702,67,-3566
t,516,614,9526
o,190,385,4014
o,487,80,7878
o,439,813,4246
t,231,98,-7046
o,786,941,-6573
t,901,235,-9425
t,73,103,5164
t,757,575,-3024
o,833,523,-2180
o,930,580,3205
o,846,181,-1660
o,929,828,4318
t,892,636,-358
t,610,565,4969
o,323,8,-4274
t,866,667,-6872
t,584,293,-695
o,600,420,-1403
t,446,893,3302
t,365,665,-5422
o,15,702,-2349
t,445,824,-7237
o,510,451,-1406
t,147,276,-5825
t,734,742,-969
t,790,837,8125
t,245,768,3908
t,812,452,7039
o,64,517,2119
t,556,887,-4294
t,345,834,8716
t,689,865,815
o,650,114,-2231
t,279,107,732
o,834,984,-8042
o,515,37,2781
o,704,424,-8922
t,821,347,331
o,64,436,4465
t,23,467,-2823
t,178,576,1638
t,740,150,8481
o,662,767,-3280
o,488,738,289
o,75,867,6591
o,102,550,-6710
o,480,178,305
o,352,234,2422
o,580,499,-1016
t,906,651,5078
o,244,882,1298
o,822,128,8887
o,249,964,-7491
o,271,371,-8903
o,534,809,2156
o,517,473,-8720
t,572,804,-8952
t,446,986,756
o,174,141,-7553
t,909,670,1489
o,474,976,6367
t,300,795,320
t,505,654,1173
o,340,628,-4088
o,906,973,-5649
o,579,799,-4906
t,253,398,-3602
o,827,613,1846
o,765,154,5125
o,384,535,-3475
t,16,43,8767
o,276,41,-5774
t,906,719,9398
t,999,445,-6513
t,292,856,-4718
t,811,740,-129
o,37,17,9152
o,336,689,-9688
t,898,648,2668
t,83,882,8798
o,430,765,32
t,429,992,5670
t,752,674,399
t,929,407,4701
t,84,770,7307
o,667,233,-6089
t,102,462,-134
t,998,622,9236
o,731,509,9402
t,367,411,7199
t,816,618,-2162
o,483,68,-4617
o,569,32,-7218
t,229,203,-9864
o,362,872,-9036
t,550,962,-3214
t,967,784,780
t,230,697,-689
o,924,507,5651
t,693,324,8293
o,141,324,7911
t,961,760,-5190
o,138,207,7865
t,482,789,-3487
t,523,999,8222
o,107,385,4017
o,954,233,-4203
o,965,891,-9308
t,618,321,-5941
t,603,438,-5593
o,567,672,2314
t,231,893,7517
t,374,429,8433
t,300,730,-8991
o,286,673,-8022
o,312,393,67
t,417,427,5986
o,694,52,552
o,984,82,5209
o,183,162,-8465
o,297,668,-4826
o,538,363,-4727
o,519,900,-6560
o,24,492,-2999
o,768,870,2911
t,984,291,9568
o,757,274,-2610
o,544,997,-5176
t,19,58,-3770
o,218,787,-3575
t,65,841,779
o,312,957,-822
o,103,822,1989
t,371,664,8717
o,328,339,-2743
o,706,773,-9698
o,103,506,-1033
o,735,918,1128
t,383,145,-5197
o,533,686,-5886
o,631,569,-9706
t,15,192,-4402
o,313,270,-2155
t,975,889,5924
t,804,997,-771
t,493,408,-6570
t,228,149,-961
o,992,608,710
t,341,284,-9544
o,511,187,502
t,823,120,3694
t,897,240,1726
o,145,432,-2970
o,77,17,-7033
o,194,903,-5996
o,848,748,-8307
o,460,587,-5693
o,342,918,3077
t,735,852,200
o,865,350,8300
t,8,666,3153
o,5,964,-5616
o,225,226,-3364
t,231,593,-7840
t,627,875,-9534
o,806,430,-4444
t,467,829,5458
o,844,763,-151
o,290,477,5568
t,290,841,1655
t,327,934,-2697
t,221,388,-4524
t,232,924,6037
o,123,447,8237
t,372,299,7568
t,495,983,9783
t,986,674,-9950
t,652,441,5284
t,566,232,-7950
o,231,454,-1156
o,657,234,8478
t,811,143,6066
o,553,156,9805
o,677,72,-5602
o,686,529,871
t,575,349,9568
o,381,626,-241
t,575,993,8286
o,739,819,-2056
o,923,974,-5921
o,169,795,5543
t,781,359,-1073
t,222,319,7072
o,671,345,7241
o,497,264,4904
t,545,113,-1514
o,24,934,8078
t,420,427,2428
t,872,303,5321
o,591,155,-8320
t,807,297,-6270
t,10,113,-5309
t,674,552,5073
o,19,172,-4752
o,566,86,4700
t,425,992,-9186
t,344,99,5449
t,811,972,-5224
t,303,245,6904
t,136,276,4790
o,331,436,-9282
t,237,910,206
t,199,741,7707
t,156,800,9878
t,743,455,7702
o,132,712,7221
t,107,644,9480
t,47,710,7145
t,545,253,-5004
o,457,625,1563
o,137,366,-2177
o,718,36,6211
t,340,106,-493
o,85,425,-9865
t,869,620,-4577
o,480,388,5056
o,900,918,245
o,304,424,8026
o,304,909,6223
o,364,90,2125
t,944,422,-3581
o,375,714,7644
o,417,545,-3533
t,765,859,-9274
t,546,418,-6425
t,964,692,-6226
t,895,694,6060
t,116,478,-7136
o,956,477,1794
o,986,859,-1454
t,268,10,4177
o,393,516,-3019
t,536,72,-3458
t,418,732,9020
o,366,820,-9519
o,413,56,1667
o,566,534,-9687
t,951,262,3796
o,383,390,6224
t,367,598,894
o,135,403,-9137
o,451,564,4225
o,312,88,1017
t,939,951,9655
o,443,354,2078
t,731,847,9024
t,131,64,-1739
o,827,474,3433
o,130,382,8227
t,282,930,5626
o,624,780,-433
o,740,978,-8360
t,881,572,7175
o,432,338,9227
o,474,740,5556
o,943,913,306
t,205,869,-5670
t,463,320,-941
t,893,587,-127
o,575,969,9711
t,456,172,-7184
t,438,666,6029
o,863,894,-3094
t,587,768,3382
t,994,44,-602
t,413,643,-4942
t,683,566,6272
o,272,830,-2024
t,767,37,-7940
o,692,746,2745
t,381,316,2138
t,711,684,2725
t,401,138,-6639
o,95,834,4593
t,369,968,-1991
o,576,759,3712
o,957,626,-2990
t,532,568,-3433
t,851,341,-2278
t,54,240,8048
o,993,314,5537
o,260,836,-9438
t,214,35,-772
t,278,80,-9136
t,263,870,2625
t,404,28,-4518
t,126,810,-9040
o,952,455,5259
t,155,797,-1057
t,175,6,-3508
t,462,588,4492
o,766,845,3021
t,638,53,2134
t,785,503,-2813
t,517,921,-161
o,241,216,-807
o,95,885,-5620
o,918,391,-9850
t,984,730,-1435
t,658,566,4724
t,604,438,8357
t,894,833,7249
o,962,389,6167
o,897,861,6052
t,371,896,3576
t,866,658,2474
t,517,603,6406
t,617,773,3684
o,36,315,-3478
o,481,651,-8426
t,540,972,6272
t,549,344,8202
t,651,912,3818
t,221,658,5655
o,349,313,7362
o,220,709,3799
o,55,678,-9575
t,796,975,-9924
o,319,135,-891
t,954,620,-2720
o,74,816,-3636
o,479,757,-6451
o,931,808,1843
t,978,96,6933
t,697,834,9903
o,801,572,-9762
o,682,448,-3168
t,70,203,-7685
t,357,409,296
o,43,465,6485
o,832,95,-2998
o,153,117,-6821
t,250,333,-8600
t,986,893,6960
t,562,763,3661
o,741,642,624
o,884,135,-1922
t,134,624,-3759
o,342,161,-2561
t,509,387,-4393
o,274,720,-8066
o,656,56,-1457
t,846,983,1429
o,556,77,-8095
t,179,89,8933
o,880,548,-8690
o,176,819,-8544
t,408,631,-533
t,813,447,-3814
t,605,675,-4434
o,377,49,3648
o,137,920,-8831
o,287,630,9269
t,899,256,-4671
t,627,804,7518
o,313,948,7086
t,305,510,-5727
t,291,240,9272
t,190,195,5511
o,636,731,-3704
t,571,423,6516
o,641,866,-9037
t,362,6,-2034
t,792,152,3242
t,656,376,-6891
o,983,884,1096
t,687,812,9232
t,674,599,-6672
o,356,421,-7321
t,580,317,-7367
t,562,683,-5702
o,599,935,-903
t,512,671,1788
t,941,612,3297
o,616,811,5743
t,282,603,-5061
o,321,382,-202
t,86,151,4622
o,474,536,7688
t,735,679,6443
t,680,643,9459
t,856,812,5234
t,614,0,-6221
o,304,876,-1591
t,526,474,2592
t,293,29,-242
t,215,329,1705
o,699,605,7351
t,567,670,-6572
o,407,313,1556
t,952,910,667
t,201,974,-7585
t,468,709,-224
o,350,36,-8366
t,111,946,9978
o,508,870,-4020
o,858,468,1085
o,876,104,-8997
o,223,868,6986
o,761,522,-6607
t,462,399,-6932
t,890,194,-5482
o,656,867,-7874
t,739,378,-1200
t,891,429,4822
o,461,559,6065
t,350,264,-1125
o,629,266,-9701
t,216,871,-8143
o,978,873,-693
o,437,913,-5899
o,467,859,286
t,857,906,-4826
t,783,519,2507
t,680,137,-3960
t,923,160,-4341
t,966,611,-4863
o,707,499,-2290
o,874,533,-9616
t,676,8,1189
t,360,141,-9179
o,234,156,8930
o,986,795,1086
o,93,682,8707
o,453,304,4795
t,29,884,-9342
o,651,574,8739
t,561,207,4318
t,435,666,-1342
t,228,744,-2794
o,253,668,-6855
t,847,310,-5286
t,881,263,889
o,620,126,-32
o,718,861,-2933
t,270,817,-835
t,188,241,4444
t,942,482,3752
t,130,12,-9627
o,305,354,-8111
o,834,763,1286
t,956,999,3204
t,912,648,8782
t,421,913,8074
t,325,390,3408
t,414,217,-402
o,150,526,-1520
t,462,189,-9835
t,108,86,4103
t,507,729,-4773
o,766,554,1798
o,575,615,9891
t,246,423,3996
o,813,718,3076
o,665,391,1265
o,630,323,-9980
t,544,64,-2348
t,182,27,3607
t,558,204,-7049
t,71,901,3441
o,361,242,7310
o,883,6,-1549
o,538,924,-1615
o,689,357,8838
t,212,288,5472
t,863,501,1613
t,280,251,-7458
o,840,752,-2493
o,229,571,-3567
o,9,967,-8322
o,214,677,4821
o,411,603,-2394
o,143,674,1488
t,417,99,-3620
o,465,860,-3604
o,828,205,-7190
t,536,124,-1449
t,893,424,9492
o,86,398,-4595
o,566,539,-9268
o,432,694,-6866
o,903,118,-4080
t,628,702,5132
t,299,991,-9021
t,862,941,829
t,886,348,3047
o,263,210,1827
t,267,58,6585
t,131,982,-1390
t,74,445,8273
t,356,296,7601
t,530,526,-4884
t,505,908,-9352
t,546,598,-9587
o,401,344,-4065
o,14,350,-7865
t,969,671,-1356
t,124,231,6080
t,773,141,8998
t,572,741,5638
o,110,735,-5839
t,431,128,4101
o,472,996,-5122
o,514,405,-3704
o,458,679,672
t,789,314,6697
o,348,67,6513
t,28,636,-3332
t,65,224,-106
t,903,930,-6497
o,632,425,9420
o,50,760,5881
o,70,260,-7529
o,873,486,-6278
o,62,492,1481
t,843,420,-6030
o,419,446,-2830
o,189,563,3609
o,628,637,-2247
o,949,680,-3350
o,516,902,-1587
t,85,9,-9870
o,362,132,-9875
t,103,499,3589
t,331,752,1118
t,173,412,-1382
o,680,285,-2183
t,710,43,-1085
o,148,421,8243
o,739,461,-7376
o,855,782,-5897
t,972,303,-7720
o,978,454,-974
o,181,812,8560
o,780,645,-7086
o,911,178,8198
o,337,192,9817
o,590,188,-4173
o,842,841,6973
o,481,530,1187
o,48,717,7308
t,935,897,-2160
t,889,583,-4780
t,361,836,714
o,172,680,7872
t,556,45,-1044
t,431,929,6163
t,13,57,-1115
o,655,200,-4882
o,481,750,3121
t,653,685,4653
o,908,305,2595
o,329,259,6914
o,665,722,9591
o,63,264,6902
o,125,606,9281
t,428,132,-4297
o,714,612,6699
t,440,740,6905
o,713,122,5129
t,323,967,-2802
o,402,710,-1051
o,612,673,-7623
t,309,155,-9704
o,65,865,-9689
t,253,986,3054
t,927,428,2629
o,744,75,1894
t,474,487,-6714
o,710,725,9304
o,860,209,-9008
o,292,738,3449
t,991,934,-2446
o,89,161,9754
t,873,960,-5123
o,858,14,1396
o,926,529,-6436
t,897,187,3913
t,50,512,-9466
t,727,355,-9116
o,248,393,9541
t,577,847,-9971
t,958,848,4656
t,984,586,9285
o,388,670,-2501
t,280,775,8753
o,569,671,2770
o,224,787,-8801
o,343,539,-947
t,580,409,-3462
t,679,847,5820
t,950,404,9256
t,320,4,-7998
t,400,773,-9369
o,749,675,5361
t,412,807,-4017
t,697,147,8039
t,985,554,-6855
o,124,755,-3232
o,528,478,6634
t,532,351,8255
t,462,49,5572
o,878,396,9598
o,800,317,-5289
o,253,432,3550
t,745,261,-6144
o,691,145,498
t,977,839,9009
t,183,945,-467
t,56,103,3416
o,488,2,-2142
o,110,168,4362
t,949,671,-9709
o,4,617,-7840
o,27,486,-2099
t,727,279,-6999
t,610,171,-770
o,848,654,-7803
t,583,442,-2627
t,73,92,-5065
t,818,431,2959
o,666,862,-790
o,851,558,9997
o,678,899,4765
o,784,149,-3926
o,698,677,4667
t,140,708,-8280
t,95,300,-2238
o,579,135,-3063
t,761,391,-1066
t,289,9,-2325
t,824,900,2737
o,916,54,-8750
t,214,4,1803
t,713,126,6071
o,720,893,4280
t,653,552,-1545
t,483,734,-3278
o,691,626,2705
t,419,895,5198
o,360,666,6087
o,554,142,3633
t,606,765,-3349
o,711,666,-5983
t,706,376,-7336
t,689,599,43
t,725,857,9978
o,89,415,8907
t,348,515,4139
o,754,183,-245
t,721,706,-4267
o,288,817,-1348
o,808,162,-9105
t,636,352,3020
o,126,532,5920
o,531,270,-1470
t,93,398,-51
t,329,94,209
o,145,804,2418
t,206,426,5146
t,39,432,9438
t,469,319,9586
o,545,256,3164
t,626,776,4033
o,762,864,1079
t,703,724,-4850
t,17,567,4548
o,192,268,3356
t,447,376,775
o,283,837,-8132
t,743,30,-816
t,835,707,8162
o,88,194,-996
o,824,39,-1007
o,739,211,215
o,298,9,-9036
t,404,161,4136
o,801,40,704
o,734,11,-8027
t,126,510,-7227
t,771,295,-813
t,631,552,6604
o,45,31,7470
o,195,767,8225
t,521,653,2865
t,83,848,3642
t,278,343,3916
t,406,416,1880
t,463,523,1197
o,657,475,-839
t,605,662,-9651
t,556,608,-4594
o,775,369,9935
o,479,692,-9545
t,492,32,2032
o,906,935,-9518
t,587,279,556
t,516,650,7796
t,893,457,-3795
t,319,580,1982
t,819,529,9458
t,519,269,-3724
o,17,531,840
o,171,823,8051
o,173,559,-9526
o,973,248,7812
t,795,284,949
t,45,545,-6425
o,458,426,-2446
t,824,851,-5773
o,247,426,4936
o,366,180,6001
o,681,269,-2613
o,367,102,-3212
t,544,529,-5692
t,571,120,-3557
o,117,958,-147
o,220,738,7857
t,250,669,2689
o,500,268,-1492
o,566,692,8342
t,799,792,8736
o,603,888,-7869
o,954,852,1552
t,752,289,7125
t,11,718,-9410
o,4,112,-2329
t,266,313,-1705
o,383,838,1157
o,186,730,1350
o,519,490,9476
t,928,441,-3572
t,26,600,-6262
o,536,183,-3532
o,229,547,-7758
t,307,276,-816
t,250,54,-6638
t,477,94,129
o,413,973,7073
t,539,64,-3045
t,174,974,-193
t,368,269,-6262
o,740,742,-927
t,46,537,-3314
o,742,20,-2276
t,210,501,3977
t,181,144,-4354
o,166,91,-9134
o,248,657,-5927
o,284,897,-594
t,458,595,-364
t,523,11,-659
o,251,576,7689
o,39,378,7187
t,686,43,1637
t,296,793,9578
t,285,533,8199
o,932,559,6420
o,662,700,4739
o,300,853,-3471
t,667,389,-4583
t,438,482,2479
o,191,759,-2654
t,279,635,-9603
o,480,444,9351
t,855,336,951
t,265,66,-2745
o,775,389,-2340
o,611,692,-2693
t,112,525,-4960
t,690,806,-3451
t,959,754,-6350
t,849,42,3438
t,152,933,9208
o,985,444,-6589
o,479,567,2434
t,223,184,2768
t,592,139,-4250
o,482,539,4383
t,58,352,4978
t,759,898,-9134
o,462,726,-3298
t,826,968,5134
t,25,806,701
t,230,850,-4181
o,775,327,-6965
o,552,426,-6338
o,786,179,-5615
t,364,622,-9327
t,48,28,-455
o,939,684,-6814
o,627,202,-140
t,38,691,3182
o,267,334,-5362
o,387,302,-9673
o,397,636,-7083
t,477,924,-3613
t,858,931,9107
t,563,493,-1014
o,394,167,-447
o,204,275,5209
o,520,544,9661
t,992,37,947
t,200,624,-7180
t,955,168,3034
o,513,708,-7082
t,592,88,-6893
t,195,105,-4506
o,577,517,1840
t,176,26,-3046
t,266,766,-7855
o,970,115,7341
t,202,189,-9149
t,850,767,-9843
o,966,844,6215
t,132,219,-7752
t,681,266,4604
o,290,59,-4704
t,928,237,-9803
t,911,372,-3207
o,30,674,-7887
o,469,104,-1378
t,362,799,1404
t,170,757,-4501
t,695,458,-7276
t,916,455,8446
t,569,824,-2513
t,373,985,3398
t,400,966,-1147
o,938,930,4247
t,88,202,-9788
o,558,921,6926
o,305,792,-2667
t,627,297,-503
t,708,243,8017
o,348,936,5113
t,750,34,-7580
o,228,88,-8866
t,678,793,-2538
o,725,36,1071
t,909,111,-3989
t,487,344,6749
o,634,75,-1481
t,56,809,-5744
t,642,54,6282
t,25,80,-9817
t,123,243,-4101
o,901,72,-4427
o,11,136,-4487
o,705,482,-6354
t,885,373,-180
t,474,527,2832
t,478,391,6247
t,272,535,8718
t,755,628,-6036
t,613,755,4817
o,933,126,-7366
o,824,486,9833
t,947,119,-5357
t,81,409,-1280
o,718,846,145
t,861,441,215
t,998,291,9206
t,572,688,4954
o,342,177,756
o,627,628,-6668
t,778,956,2194
t,680,510,7612
o,571,777,1152
t,247,757,4391
t,924,842,5629
t,485,336,8451
o,906,90,-9423
o,342,698,5634
t,203,893,-3400
o,997,615,4251
t,842,220,-7735
o,682,568,-395
o,357,506,-1917
o,283,523,-9900
o,376,869,972
o,919,20,6835
o,66,119,-3436
t,811,719,-4723
o,887,100,936
o,817,208,-1260
o,386,907,806
o,661,477,199
t,210,935,-4368
t,848,341,9819
o,594,143,9682
o,885,373,-8521
t,676,14,5019
o,613,637,-4506
t,395,808,-6136
o,768,288,9350
t,404,2,8379
o,963,380,5614
o,562,370,3424
t,743,292,-6974
t,956,357,7849
t,307,893,6119
t,206,488,-9653
t,83,125,536
t,505,581,-3410
o,366,817,1617
o,717,242,9836
t,856,712,-8444
o,431,136,9759
t,96,340,-2345
t,448,392,-2780
o,144,888,-2281
o,424,80,9201
o,241,554,-8001
t,896,341,-5826
t,381,647,4131
t,740,475,-5192
t,458,914,3509
o,582,340,771
t,370,471,6489
o,762,385,-5062
t,3,399,2767
o,980,660,-7616
o,405,707,-2737
t,447,265,982
t,548,958,4459
t,402,932,3107
t,591,442,-2687
o,991,557,7787
o,146,733,-9022
o,345,772,5150
o,995,909,7632
o,946,477,6949
o,810,388,-6863
t,273,804,-9289
o,423,32,9036
o,271,285,-6503
o,68,204,4543
o,805,509,3628
o,506,741,8061
o,910,899,-3171
t,432,682,8708
o,859,778,-4592
o,939,114,1403
t,414,972,-2782
o,532,932,-572
t,865,656,-9743
o,460,284,-124
o,477,266,-5923
o,20,244,-4673
o,523,428,-4983
t,724,177,4246
o,87,377,3404
t,535,304,-2122
t,966,747,-6401
o,892,365,3365
o,982,925,-7670
o,709,874,2180
t,579,20,7339
t,977,172,-6212
t,1,618,-7887
o,97,55,6228
t,371,98,7315
t,489,823,4682
o,848,774,-7127
t,333,213,-6276
o,245,942,8185
t,5,363,-8447
o,626,446,-5185
t,501,170,2111
o,25,20,-1145
o,343,729,-2920
o,874,641,-9269
o,669,68,-1010
t,457,644,846
t,280,624,-5316
o,595,812,-9023
o,829,428,1238
t,647,132,-7945
o,831,490,8575
t,951,399,-2592
o,819,952,2009
t,756,441,5713
t,33,761,52
t,457,20,2894
t,650,592,-3694
o,622,595,6296
o,583,23,-6719
t,336,346,2574
t,978,198,1494
t,951,658,4028
o,499,899,1254
t,275,267,-6821
o,444,124,-7226
o,305,571,-6511
t,282,830,2452
t,87,693,3792
o,837,419,3796
o,353,854,3962
o,841,428,-5775
t,93,450,2658
o,801,395,4915
o,362,172,-9528
o,191,291,-8782
o,219,239,203
o,141,657,2509
o,979,917,3553
o,251,161,1466
t,902,301,-1049
o,178,954,3136
t,543,371,-4765
t,685,538,-8171
t,57,651,3139
o,824,460,-4417
o,674,326,-8664
o,339,101,1811
t,643,127,-9017
o,100,649,-7055
o,51,323,-5711
t,62,271,1960
t,732,376,-6976
t,337,845,5170
o,642,978,3968
o,534,416,8432
t,538,462,-5496
o,199,868,4148
o,954,627,2329
o,772,604,514
o,917,83,4577
t,673,157,8034
o,789,279,-9511
o,700,694,9699
o,885,33,-5629
t,979,727,2762
o,458,812,7728
t,288,999,-9996
o,82,287,-2068
t,553,291,683
o,948,951,562
t,310,255,-8659
t,832,544,-7230
t,734,431,9185
o,413,456,2802
t,392,994,-9653
o,823,505,6895
o,94,165,-8424
t,187,194,8895
t,717,135,-1361
t,615,939,7006
t,28,169,-1678
o,723,256,2498
o,218,747,-5868
o,88,928,8130
t,110,189,134
o,770,997,97
t,39,758,-6195
o,809,781,1091
t,35,701,6099
t,659,875,3071
o,865,275,-8528
o,200,234,2396
o,132,263,2737
o,966,504,5206
t,660,452,9593
t,6,391,9340
o,804,871,-8533
o,852,888,1011
o,325,97,6285
t,373,295,272
o,266,174,9761
t,107,193,9573
t,915,592,6221
o,712,642,3686
t,7,995,-8769
o,693,402,-17
o,158,321,5195
o,436,12,-974
t,299,128,8872
o,542,539,5188
o,705,762,5894
o,627,514,1211
t,982,306,995
o,776,504,8756
t,99,421,1284
t,258,926,5207
t,663,521,9746
o,350,316,-9016
o,115,345,309
o,34,160,5979
t,157,544,-33
o,417,893,-5081
o,906,362,-9782
o,808,714,2733
t,297,337,9528
t,690,93,-3884
o,331,112,5499
t,878,577,9775
t,732,795,9199
o,816,98,4023
t,347,81,-9437
o,378,731,-9570
o,42,536,-6528
o,22,674,9696
t,535,569,-1555
t,81,695,1188
o,532,736,7477
o,722,881,7199
t,521,692,7812
o,491,252,-742
t,273,156,4709
t,702,565,6285
t,633,920,-6186
o,155,107,7877
o,202,166,-5673
o,963,892,-3263
t,480,980,-9674
o,461,259,5952
t,547,226,-3518
t,938,942,-7841
o,387,891,6016
o,492,231,-99
t,287,40,396
t,641,904,114
t,733,486,8030
t,875,386,5072
o,602,422,6370
o,583,608,-6499
t,673,289,-6640
t,309,91,2540
o,605,963,7664
o,371,485,6930
t,511,431,-6862
o,776,351,-2327
o,273,187,-5315
o,564,57,-5588
o,488,830,-9979
t,426,218,1039
o,97,856,-1866
o,338,465,6984
t,558,484,1279
o,674,623,458
t,713,828,4294
t,450,970,1826
o,884,713,-8277
t,477,709,-4869
t,244,604,-1456
o,237,363,6606
o,665,137,3258
t,361,559,5263
t,41,653,6509
o,310,571,-2192
o,780,91,9773
t,618,826,-3045
t,360,429,-6334
o,82,298,4055
t,886,568,-7993
t,710,973,5803
t,665,828,9198
o,95,850,4625
o,274,451,-1992
t,800,425,2832
t,892,93,-2233
t,867,342,-6130
t,617,940,7836
t,135,365,-2590
o,609,429,-6444
t,495,981,-8007
t,512,35,1967
t,902,717,5950
o,603,541,9627
t,496,129,-3395
t,602,754,9521
t,830,511,-8583
t,108,130,-2412
o,773,247,7102
o,967,275,-4745
t,414,779,-7254
o,167,554,7489
o,864,965,-6248
t,671,830,5556
t,33,51,-1204
o,392,180,-9295
o,501,626,-7078
o,318,14,-6701
o,299,740,2197
t,35,657,-9594
t,529,820,-6095
t,104,861,-5746
t,759,176,-9342
t,120,932,-8862
t,835,623,2325
o,640,613,-5021
o,33,582,-4316
o,509,974,548
t,977,20,615
o,956,443,-6425
t,674,118,2607
o,684,123,-8373
o,637,700,6091
t,533,765,5889
o,676,642,-9115
o,587,400,-3395
t,383,743,-8194
t,983,600,2256
t,676,894,-290
o,854,982,-9546
o,91,64,4654
o,754,361,-2757
t,349,726,-2841
o,377,33,2663
t,875,638,1956
o,541,96,-4828
t,281,569,-4605
t,842,798,5038
t,364,548,9875
t,974,946,3311
t,598,850,-2813
o,326,62,8841
t,835,25,9265
t,984,944,-7666
o,976,110,-7209
t,391,327,-6384
t,499,870,-7129
t,721,729,5964
t,712,92,5943
o,922,861,-4021
o,179,344,-9301
t,241,79,-3415
o,825,734,-2154
t,819,691,8537
o,665,323,-1849
t,395,557,-6459
o,297,330,4433
o,301,390,-7004
t,933,624,-7950
o,438,140,2840
t,293,746,-9833
o,796,73,-404
o,240,888,-9406
t,923,442,-5933
t,332,617,-7704
o,801,557,-2549
o,339,286,1302
o,890,672,-3860
o,550,41,7153
o,339,668,759
o,978,829,-970
o,540,392,-6541
t,926,336,1370
o,747,894,251
o,663,597,4486
o,667,713,-3957
t,911,748,2873
t,630,359,-2034
t,747,193,1974
t,485,641,8836
t,802,317,1255
o,469,271,-6402
o,203,512,9284
o,20,227,8854
o,957,73,-5521
o,816,368,-3553
t,0,632,-8193
o,815,710,3726
o,633,429,-3779
t,894,170,9678
t,829,672,-4905
t,875,688,-8562
t,719,280,2674
t,628,860,-9159
t,204,816,1923
o,554,530,6234
t,401,404,8385
o,969,136,-7321
t,138,575,-488
t,35,514,7417
t,92,868,-4536
o,184,908,-9657
t,182,599,66
o,104,681,-6057
t,18,379,-9099
o,750,684,6282
t,70,331,6350
t,887,836,6776
t,132,500,2971
o,502,199,2990
t,298,561,-4302
t,259,913,-2348
t,700,667,3827
o,939,128,1663
t,434,287,8822
t,600,152,-3234
t,361,274,4375
t,357,271,5285
o,494,547,-1978
o,587,889,615
t,526,624,-5963
t,638,53,3730
o,791,537,2041
o,177,323,-5518
t,262,23,7365
o,805,669,-1204
t,817,635,3173
t,193,399,-328
o,478,632,-4080
t,486,463,-6133
t,843,319,6453
o,666,869,5499
t,969,200,-3323
t,217,318,-4145
o,626,72,1430
o,765,738,9374
t,75,377,-6253
t,255,670,-2266
t,579,624,1192
o,626,925,1513
o,80,414,-9977
t,90,32,5271
t,259,62,-837
o,808,889,8341
o,849,801,-7445
t,875,811,2057
o,503,164,3659
o,936,822,4639
o,812,367,9497
t,286,518,417
t,506,190,2521
t,33,23,-1229
o,708,668,7043
t,483,673,3780
t,287,737,-2205
t,710,876,9895
t,148,385,-5926
o,486,137,6442
t,570,43,4867
o,362,11,-2552
o,602,816,6388
o,944,676,6755
t,656,270,-211
o,414,756,6246
t,773,93,-5723
o,661,484,820
o,151,891,-4255
t,208,970,7513
t,887,376,-6250
t,899,231,-7900
o,250,693,9451
o,652,252,7191
t,429,250,-2647
o,531,664,7133
t,698,387,-9632
o,8,365,5870
o,26,604,-1662
t,675,285,5862
o,910,539,-6317
t,263,449,1088
t,611,722,7887
t,973,748,8449
o,745,971,1731
o,430,150,-3285
o,201,818,4601
t,19,497,-1884
o,462,804,2184
t,269,145,5878
t,714,131,-5215
t,86,425,2064
o,848,551,-1797
o,723,98,420
o,465,199,1717
o,415,681,8967
t,75,79,-8879
t,775,987,-9943
o,854,978,-3092
t,717,299,-9153
o,784,16,317
t,781,627,465
o,806,15,3134
o,90,234,5131
o,945,866,1419
t,761,126,9884
o,976,40,-4280
t,667,156,801
o,175,387,-9331
t,340,343,8064
o,602,272,155
t,922,746,-8512
o,324,676,6468
t,53,115,9852
o,793,0,7030
o,496,968,-8684
t,274,778,-7196
t,477,567,-7152
t,444,570,1568
t,45,37,-8740
o,114,280,-183
o,763,974,-8098
o,558,530,4380
t,215,148,7927
t,287,865,1516
o,737,0,-8653
t,230,963,5748
o,17,892,3701
o,973,993,-1981
o,32,168,7062
t,266,436,7674
o,225,716,-5175
o,291,126,-3263
t,93,969,388
o,41,694,-7640
o,170,510,-8599
o,612,322,-1566
o,430,70,-5617
t,265,611,-5488
o,177,869,2674
o,721,559,-2957
t,958,861,5592
o,336,742,-9149
o,636,727,1595
t,313,580,9957
t,795,130,5979
t,685,4,-7763
o,549,936,-9528
o,82,154,-5367
o,150,198,-519
t,485,793,-8444
t,171,831,9072
o,531,124,6225
t,685,528,5610
t,417,419,118
t,600,843,-7472
t,129,344,-8123
t,130,683,-9051
o,134,409,8691
o,142,32,-3327
o,325,911,-1222
t,758,370,5708
t,317,4,5197
t,510,926,-2171
o,466,384,3822
t,130,845,-1912
o,946,587,-9434
o,286,132,-3421
o,4,40,-5455
o,467,883,-5829
t,111,199,-9086
t,414,34,7176
o,228,293,-5272
o,131,428,-1065
o,389,13,825
o,321,910,3716
o,907,148,574
o,854,170,-4949
o,430,127,9045
o,256,225,8039
t,40,555,7981
o,646,725,9139
o,880,648,5781
o,86,341,9026
t,995,979,-8899
t,819,795,-7814
o,899,722,9744
o,464,276,-9446
o,461,326,-2510
o,209,256,-5106
t,388,164,3583
t,126,635,3132
t,983,115,-3610
t,414,385,-2208
o,775,204,525
o,577,292,8023
t,393,269,-7198
o,559,729,5384
o,15,686,6532
o,231,913,7838
o,22,90,8245
t,560,201,3664
o,384,9,2217
t,245,130,6003
t,699,322,-7185
t,598,61,8819
t,474,510,1526
o,455,817,8624
o,559,256,9564
t,786,750,6632
t,839,906,-9124
o,665,301,-9270
t,847,58,6286
t,229,125,1035
t,683,253,3294
t,152,988,4790
t,778,259,-2086
o,714,95,6578
t,563,268,-9354
t,990,50,3976
o,604,193,4340
t,305,451,-7686
t,520,463,-4841
o,302,596,5626
o,694,47,4781
t,625,195,-7793
o,604,616,7346
t,569,300,78
t,79,296,9637
t,851,967,9900
t,144,416,-4061
o,191,173,3590
t,594,824,-2747
t,438,832,-8695
o,448,459,-1913
o,855,374,-6278
o,115,526,-8287
o,703,857,2244
t,918,11,2276
o,118,842,-4283
o,715,582,1102
t,459,674,-1164
t,41,684,-1669
t,320,0,6246
o,333,57,4283
o,324,345,4371
o,366,913,3995
o,114,525,-2751
o,299,684,3251
o,560,650,2358
t,587,635,-4393
t,909,993,1009
o,290,303,4626
t,414,550,-9295
t,451,343,-3238
t,463,805,6906
o,303,282,5381
o,337,609,-5538
o,52,472,-8908
t,874,575,8142
t,970,183,7723
t,931,525,157
o,235,828,-1464
t,281,324,-4127
o,248,498,6202
o,637,313,2301
o,933,979,-6820
o,753,731,6789
t,327,876,8500
t,783,142,5834
t,494,225,6890
o,115,259,-177
o,265,296,9524
o,631,802,-3134
t,221,542,6710
t,951,967,469
